from;to
AER;ASF
AER;GOJ
AER;KRR
AER;KZN
AER;MCX
AER;MRV
AER;NBC
AER;ROV
AER;UUA
ASF;AER
ASF;KZN
ASF;LED
CEK;KZN
CEK;OVB
DME;MCX
DME;NBC
DME;TGK
DME;UUA
GDZ;KZN
GOJ;AER
GYD;AER
GYD;NBC
KBP;KZN
KRR;AER
KRR;KZN
KUF;MRV
KZN;AER
KZN;ASF
KZN;CEK
KZN;GDZ
KZN;KBP
KZN;KRR
KZN;LED
KZN;MRV
KZN;MUC
KZN;PEE
KZN;SIP
LED;ASF
LED;KZN
LED;MCX
LED;NBC
LED;UUA
MCX;AER
MCX;DME
MCX;LED
MCX;MRV
MRV;AER
MRV;KUF
MRV;KZN
MRV;MCX
MUC;KZN
NBC;AER
NBC;DME
NBC;GYD
NBC;LED
NBC;SIP
NJC;UUA
OVB;CEK
PEE;KZN
ROV;AER
SGC;UUA
SIP;KZN
SIP;NBC
TGK;DME
UUA;AER
UUA;DME
UUA;LED
UUA;NJC
UUA;SGC
ANS;LIM
AYP;LIM
CUZ;LIM
CUZ;PEM
HUU;LIM
IQT;PCL
IQT;TPP
LIM;ANS
LIM;AYP
LIM;CUZ
LIM;HUU
LIM;PCL
LIM;TPP
PCL;IQT
PCL;LIM
PCL;TPP
PEM;CUZ
TPP;IQT
TPP;LIM
TPP;PCL
ABJ;BOY
ABJ;OUA
ACC;OUA
BKO;OUA
BOY;ABJ
BOY;OUA
COO;LFW
COO;OUA
DKR;OUA
LFW;COO
LFW;OUA
NIM;OUA
OUA;ABJ
OUA;ACC
OUA;BKO
OUA;BOY
OUA;COO
OUA;DKR
OUA;LFW
OUA;NIM
CUE;UIO
GPS;GYE
GPS;UIO
GYE;GPS
GYE;SCY
GYE;UIO
MEC;UIO
OCC;UIO
SCY;GYE
SCY;UIO
UIO;CUE
UIO;GPS
UIO;GYE
UIO;MEC
UIO;OCC
UIO;SCY
AYT;GVA
BDS;BRN
BDS;ZRH
BRI;ZRH
BRN;BDS
BRN;CTA
BRN;HDF
BRN;HER
BRN;PMI
BRN;RHO
BRS;ZRH
CLY;ZRH
CTA;BRN
FUE;GVA
GVA;ACE
GVA;AYT
GVA;HER
GVA;KGS
GVA;LCA
GVA;LPA
HDF;BRN
HDF;ZRH
HER;BRN
HER;GVA
INV;ZRH
KGS;BRN
LCA;GVA
PMI;BRN
RHO;GVA
RLG;ZRH
SUF;ZRH
TFS;GVA
ZRH;BDS
ZRH;BRI
ZRH;BRS
ZRH;CLY
ZRH;HDF
ZRH;INV
ZRH;RLG
ZRH;SUF
AJR;LYC
ARN;GEV
ARN;HAD
ARN;LYC
ARN;VBY
ARN;VHM
GEV;ARN
HAD;ARN
HMV;VHM
LYC;AJR
LYC;ARN
VBY;ARN
VBY;VHM
VHM;ARN
VHM;HMV
VHM;VBY
ADQ;AOS
ADQ;KKB
ADQ;KLN
ADQ;KOZ
ADQ;KPY
ADQ;OLH
AOS;KZB
KLN;KYK
KOZ;ORI
KPY;UGI
UGI;KWP
BCD;CEB
BCD;MNL
BSO;MNL
BXU;CEB
BXU;MNL
CBO;MNL
CEB;BCD
CEB;BXU
CEB;CGY
CEB;DVO
CEB;HKG
CEB;ILO
CEB;MNL
CEB;MPH
CEB;OZC
CEB;PPS
CEB;TAC
CEB;USU
CEB;ZAM
CGY;CEB
CGY;DVO
CGY;MNL
CRM;MNL
CYP;MNL
DGT;MNL
DPL;MNL
DVO;CEB
DVO;CGY
DVO;MNL
DVO;ZAM
GES;ILO
GES;MNL
HKG;CEB
ILO;CEB
ILO;GES
ILO;MNL
ILO;PPS
JOL;ZAM
KLO;MNL
KUL;MNL
LAO;MNL
LGP;MNL
MBT;MNL
MNL;BCD
MNL;BSO
MNL;BXU
MNL;CBO
MNL;CEB
MNL;CGY
MNL;CRM
MNL;CYP
MNL;DGT
MNL;DPL
MNL;DVO
MNL;GES
MNL;ILO
MNL;KLO
MNL;KUL
MNL;LAO
MNL;LGP
MNL;MBT
MNL;MPH
MNL;OZC
MNL;PPS
MNL;RXS
MNL;SIN
MNL;SUG
MNL;TAC
MNL;TAG
MNL;TUG
MNL;USU
MNL;WNP
MNL;ZAM
MPH;CEB
MPH;MNL
OZC;CEB
OZC;MNL
PPS;CEB
PPS;ILO
PPS;MNL
PPS;USU
RXS;MNL
SIN;MNL
SUG;MNL
TAC;CEB
TAC;MNL
TAG;MNL
TUG;MNL
TWT;ZAM
USU;CEB
USU;MNL
USU;PPS
WNP;MNL
ZAM;CEB
ZAM;DVO
ZAM;JOL
ZAM;MNL
ZAM;TWT
HEL;POR
POR;HEL
CGA;HYL
CGA;KTN
HYL;CGA
HYL;KTB
HYL;KTN
KTB;HYL
KTB;KTN
KTN;CGA
KTN;HYL
KTN;KTB
KTN;MTM
MTM;KTN
ACC;BJL
ACC;ROB
BCN;BJL
BJL;ACC
BJL;BCN
BJL;DKR
BJL;FNA
BJL;LGW
DKR;BJL
DKR;FNA
FNA;BJL
FNA;DKR
FNA;LGW
FNA;ROB
LGW;BJL
LGW;FNA
ROB;ACC
ROB;FNA
AKV;YIK
AKV;YPX
XGR;YVP
YGL;YGW
YGL;YPX
YGL;YUL
YGW;YGL
YGW;YSK
YGW;YUD
YGW;YUL
YGW;YUY
YIK;AKV
YIK;YZG
YKG;YPJ
YKG;YQC
YKG;YVP
YKL;YQB
YKL;YVP
YKL;YWK
YKL;YZV
YPH;YPX
YPH;YUD
YPH;YVP
YPJ;YKG
YPJ;YTQ
YPJ;YVP
YPX;AKV
YPX;YGL
YPX;YPH
YPX;YVP
YQB;YKL
YQB;YUL
YQC;YKG
YQC;YWB
YSK;YGW
YSK;YUD
YTQ;YPJ
YTQ;YVP
YUD;YGW
YUD;YPH
YUD;YSK
YUL;YGL
YUL;YGW
YUL;YQB
YUL;YUY
YUY;YGW
YUY;YUL
YVP;XGR
YVP;YKG
YVP;YKL
YVP;YPH
YVP;YPX
YVP;YTQ
YWB;YQC
YWB;YZG
YWK;YKL
YWK;YZV
YZG;YIK
YZG;YWB
YZV;YKL
YZV;YWK
BBO;JIB
BBO;MGQ
DXB;BBO
JED;BBO
JIB;DXB
JIB;JED
JIB;MGQ
MGQ;BBO
MGQ;JIB
MGQ;NBO
NBO;MGQ
BKK;SIN
CAN;SIN
HAK;SIN
HGH;SIN
HKG;SIN
HKT;SIN
KIX;MNL
KIX;TPE
KUL;SIN
MNL;KIX
MNL;SIN
PEN;SIN
PER;SIN
PNH;SIN
REP;PNH
RGN;SIN
SGN;SIN
SIN;BKK
SIN;CAN
SIN;HAK
SIN;HGH
SIN;HKG
SIN;HKT
SIN;KUL
SIN;MNL
SIN;PEN
SIN;PER
SIN;PNH
SIN;REP
SIN;RGN
SIN;SGN
SIN;SWA
SIN;TPE
SWA;SIN
TPE;KIX
TPE;SIN
ACH;EBA
DUS;FDH
EBA;ACH
EBA;FDH
EBA;GVA
EBA;MUC
EBA;ZRH
FDH;DUS
FDH;EBA
FDH;HAM
FDH;OLB
FDH;PUY
FDH;TXL
FDH;ZAD
FKB;HAM
GRZ;ZRH
GVA;EBA
HAM;FDH
HAM;FKB
MAH;FDH
MUC;EBA
OLB;FDH
PUY;FDH
SZG;ZRH
TXL;FDH
ZAD;FDH
ZRH;EBA
ZRH;GRZ
ZRH;SZG
ATL;LWB
ATL;MCN
ATL;MEI
ATL;MSL
ATL;PIB
ATL;TUP
BIM;FLL
ELH;FLL
EYW;FLL
EYW;RSW
EYW;TPA
FLL;BIM
FLL;ELH
FLL;EYW
FLL;FPO
FLL;GGT
FLL;GHB
FLL;MCO
FLL;MHH
FLL;TCB
FLL;TPA
FPO;FLL
GGT;FLL
GHB;FLL
GLH;TUP
GNV;MCO
GNV;TPA
JAX;MHH
JAX;TPA
LWB;ATL
MCN;ATL
MCN;MCO
MCO;FLL
MCO;GNV
MCO;MCN
MCO;MHH
MCO;PNS
MCO;RSW
MEI;ATL
MHH;FLL
MHH;JAX
MHH;MCO
MHH;PBI
MSL;ATL
PBI;MHH
PBI;TPA
PIB;ATL
PNS;MCO
PNS;TPA
RSW;EYW
RSW;MCO
TCB;FLL
TLH;TPA
TPA;EYW
TPA;FLL
TPA;GNV
TPA;JAX
TPA;PBI
TPA;PNS
TPA;TLH
TUP;ATL
TUP;GLH
AMS;CMN
AMS;NDR
AMS;TNG
BCN;CMN
BCN;NDR
BCN;TNG
BGY;CMN
BLQ;CMN
BRU;CMN
BRU;NDR
BRU;TNG
CGN;NDR
CMN;AMS
CMN;BCN
CMN;BGY
CMN;BLQ
CMN;BRU
CMN;CUF
CMN;LGW
CMN;LYS
CMN;MPL
CMN;SAW
CMN;TLS
CMN;VCE
CUF;CMN
FEZ;MPL
LGW;CMN
LGW;TNG
LYS;CMN
MPL;CMN
MPL;FEZ
MPL;NDR
NDR;AMS
NDR;BCN
NDR;BRU
NDR;CGN
NDR;MPL
NDR;PMI
PMI;NDR
SAW;CMN
TLS;CMN
TNG;AMS
TNG;BCN
TNG;BRU
TNG;LGW
VCE;CMN
AUA;BON
AUA;CCS
AUA;CUR
AUA;FLL
AUA;LSP
AUA;MAR
AUA;RCH
BON;AUA
BON;CUR
CCS;AUA
CUR;AUA
CUR;BON
FLL;AUA
LSP;AUA
MAR;AUA
RCH;AUA
BHK;DME
DME;BHK
DME;FEG
DME;KSQ
DME;NMA
DME;NVI
DME;SKD
DME;TIV
FEG;DME
KSQ;DME
NMA;DME
NVI;DME
SKD;DME
TIV;DME
CAY;FDF
FDF;CAY
FDF;PTP
FDF;SDQ
FDF;SLU
PTP;FDF
PTP;SBH
PTP;SDQ
PTP;SFG
SBH;PTP
SDQ;FDF
SDQ;PTP
SFG;PTP
SLU;FDF
BAV;JNG
BHY;XIY
CAN;CKG
CAN;CTU
CAN;SPN
CGK;NNG
CGO;CGQ
CGO;CKG
CGO;CTU
CGO;HET
CGO;HGH
CGO;HRB
CGO;KMG
CGO;URC
CGQ;CGO
CGQ;NKG
CGQ;TNA
CGQ;TSN
CKG;CAN
CKG;CGO
CKG;CSX
CKG;CZX
CKG;DLC
CKG;DYG
CKG;HGH
CKG;HKT
CKG;INC
CKG;JNG
CKG;JZH
CKG;KGT
CKG;KHN
CKG;KMG
CKG;KWL
CKG;LHW
CKG;LJG
CKG;LXA
CKG;NGB
CKG;NKG
CKG;NNG
CKG;PEK
CKG;PVG
CKG;SJW
CKG;SWA
CKG;SYX
CKG;SZX
CKG;TNA
CKG;TSA
CKG;TSN
CKG;TYN
CKG;URC
CKG;WUH
CKG;WUX
CKG;XIY
CKG;XNN
CKG;YIH
CSX;CKG
CSX;CTU
CSX;FOC
CSX;KMG
CSX;SHE
CSX;WNZ
CSX;XMN
CTU;CAN
CTU;CGO
CTU;CSX
CTU;DSN
CTU;HAK
CTU;HDG
CTU;HET
CTU;HFE
CTU;HGH
CTU;HKG
CTU;HKT
CTU;ICN
CTU;INC
CTU;JHG
CTU;JZH
CTU;KHN
CTU;KMG
CTU;KOW
CTU;KWE
CTU;KWL
CTU;LHW
CTU;LJG
CTU;LUM
CTU;LXA
CTU;MEL
CTU;MLE
CTU;NKG
CTU;NNG
CTU;PEK
CTU;PVG
CTU;PZI
CTU;SHE
CTU;SJW
CTU;SYX
CTU;SZX
CTU;TAO
CTU;TNA
CTU;TSA
CTU;TSN
CTU;TYN
CTU;URC
CTU;WNZ
CTU;WUH
CTU;WUX
CTU;WXN
CTU;XIC
CTU;XIY
CTU;XMN
CTU;XNN
CTU;XUZ
CTU;YIH
CTU;YTY
CTU;ZHY
CZX;CKG
CZX;HRB
CZX;XMN
CZX;ZUH
DLC;CKG
DLC;HGH
DLC;HRB
DLC;TNA
DLC;XUZ
DNH;LHW
DSN;CTU
DSN;SHE
DYG;CKG
DYG;NKG
FOC;CSX
FOC;KHN
HAK;CTU
HAK;NGB
HDG;CTU
HET;CGO
HET;CTU
HFE;CTU
HGH;CGO
HGH;CKG
HGH;CTU
HGH;DLC
HGH;TSN
HGH;TYN
HGH;XIY
HKG;CTU
HKG;YIH
HKT;CKG
HKT;CTU
HLD;HRB
HRB;CGO
HRB;CZX
HRB;DLC
HRB;HLD
HRB;INC
HRB;NGB
HRB;NKG
HRB;TNA
HRB;TYN
HRB;WNZ
HRB;WUH
HRB;XIY
HRB;XUZ
ICN;CTU
INC;CKG
INC;CTU
INC;HRB
INC;KMG
INC;KWL
JGN;LHW
JHG;CTU
JHG;KMG
JJN;KWE
JJN;WUH
JNG;BAV
JNG;CKG
JZH;CKG
JZH;CTU
JZH;XIY
KGT;CKG
KHG;URC
KHN;CKG
KHN;CTU
KHN;FOC
KHN;KMG
KHN;NGB
KJI;URC
KMG;CGO
KMG;CKG
KMG;CSX
KMG;CTU
KMG;INC
KMG;JHG
KMG;KHN
KMG;KWE
KMG;LHW
KMG;LUM
KMG;NGB
KMG;NKG
KMG;TNA
KMG;TPE
KMG;WXN
KMG;XIY
KMG;XMN
KMG;XNN
KMG;XUZ
KOW;CTU
KOW;XMN
KWE;CTU
KWE;JJN
KWE;KMG
KWE;LHW
KWE;SYX
KWE;WNZ
KWE;XUZ
KWL;CKG
KWL;CTU
KWL;INC
KWL;SYX
KWL;TYN
LHW;CKG
LHW;CTU
LHW;DNH
LHW;JGN
LHW;KMG
LHW;KWE
LJG;CKG
LJG;CTU
LJG;MIG
LUM;CTU
LUM;KMG
LXA;CKG
LXA;CTU
LXA;XIY
LXA;XNN
LYI;XIY
MEL;CTU
MIG;LJG
MIG;NKG
MIG;SYX
MIG;XNN
MLE;CTU
NGB;CKG
NGB;HAK
NGB;HRB
NGB;KHN
NGB;KMG
NGB;SYX
NKG;CGQ
NKG;CKG
NKG;CTU
NKG;DYG
NKG;HRB
NKG;KMG
NKG;MIG
NNG;CGK
NNG;CKG
NNG;CTU
NNG;SGN
NNG;SIN
NNG;WUH
NTG;WUH
PEK;CKG
PEK;CTU
PEK;WXN
PEK;ZHY
PVG;CKG
PVG;CTU
PVG;SPN
PZI;CTU
SGN;NNG
SHE;CSX
SHE;CTU
SHE;DSN
SHE;TYN
SHE;XUZ
SHE;YVR
SIN;NNG
SJW;CKG
SJW;CTU
SJW;YNT
SPN;CAN
SPN;PVG
SWA;CKG
SYX;CKG
SYX;CTU
SYX;KWE
SYX;KWL
SYX;MIG
SYX;NGB
SYX;TNA
SYX;WNZ
SYX;YBP
SYX;ZUH
SZX;CKG
SZX;CTU
SZX;WXN
TAO;CTU
TNA;CGQ
TNA;CKG
TNA;CTU
TNA;DLC
TNA;HRB
TNA;KMG
TNA;SYX
TNA;XIY
TPE;KMG
TSA;CKG
TSA;CTU
TSN;CGQ
TSN;CKG
TSN;CTU
TSN;HGH
TYN;CKG
TYN;CTU
TYN;HGH
TYN;HRB
TYN;KWL
TYN;SHE
URC;CGO
URC;CKG
URC;CTU
URC;KHG
URC;KJI
URC;XIY
UYN;XIY
WNZ;CSX
WNZ;CTU
WNZ;HRB
WNZ;KWE
WNZ;SYX
WUH;CKG
WUH;CTU
WUH;HRB
WUH;JJN
WUH;NNG
WUH;NTG
WUX;CKG
WUX;CTU
WXN;CTU
WXN;KMG
WXN;PEK
WXN;SZX
XIC;CTU
XIY;BHY
XIY;CKG
XIY;CTU
XIY;HGH
XIY;HRB
XIY;JZH
XIY;KMG
XIY;LXA
XIY;LYI
XIY;TNA
XIY;URC
XIY;UYN
XIY;XNN
XIY;YBP
XIY;ZHY
XMN;CSX
XMN;CTU
XMN;CZX
XMN;KMG
XMN;KOW
XNN;CKG
XNN;CTU
XNN;KMG
XNN;LXA
XNN;MIG
XNN;XIY
XUZ;CTU
XUZ;DLC
XUZ;HRB
XUZ;KMG
XUZ;KWE
XUZ;SHE
YBP;SYX
YBP;XIY
YIH;CKG
YIH;CTU
YIH;HKG
YNT;SJW
YTY;CTU
YVR;SHE
ZHY;CTU
ZHY;PEK
ZHY;XIY
ZUH;CZX
ZUH;SYX
CAI;TLV
TLV;CAI
MCG;NIB
MCG;TCT
NIB;MCG
TCT;TLJ
TLJ;MCG
AAQ;VKO
BAX;VKO
EGO;NUX
EYK;VKO
GDZ;VKO
LED;VKO
MCX;VKO
NCU;VKO
NUX;EGO
NUX;VKO
NYM;OVS
NYM;VKO
OVS;AAQ
OVS;NYM
OVS;SVX
OVS;VKO
SVX;OVS
TJM;VKO
UCT;VKO
VKO;AAQ
VKO;BAX
VKO;EYK
VKO;LED
VKO;MCX
VKO;NCU
VKO;NUX
VKO;NYM
VKO;OVS
VKO;TJM
VKO;UCT
BKK;DAC
BKK;KUL
CCU;CGP
CCU;DAC
CGP;CCU
CGP;DAC
CGP;MCT
CXB;DAC
DAC;BKK
DAC;CCU
DAC;CGP
DAC;CXB
DAC;DXB
DAC;JSR
DAC;KTM
DAC;KUL
DAC;MCT
DAC;RJH
DAC;SPD
DAC;ZYL
DXB;DAC
DXB;JED
JED;DAC
JSR;DAC
KTM;DAC
KUL;BKK
KUL;DAC
MCT;CGP
MCT;DAC
RJH;DAC
RJH;SPD
ZYL;DAC
YGZ;YRB
YRB;YGZ
DFW;EZE
EZE;DFW
EZE;JFK
EZE;MIA
EZE;PUJ
JFK;EZE
MIA;EZE
MIA;PUJ
PUJ;EZE
PUJ;MIA
YEG;YXY
YLW;YVR
YLW;YXY
YVR;YLW
YVR;YXY
YXY;YLW
YXY;YVR
YXY;YYC
YYC;YEG
ACA;MEX
ACA;TLC
BOG;MEX
CEN;MEX
CJS;MEX
CME;MEX
CTM;MEX
CUL;MEX
CUN;MEX
CUN;MTY
CUN;TLC
CUU;MEX
CZM;MEX
GDL;MEX
GDL;MTY
GDL;SJD
GDL;SNA
GDL;TIJ
GUA;MEX
HAV;MEX
HMO;MEX
HUX;MEX
JFK;MEX
LAS;MTY
LAS;TLC
MEX;ACA
MEX;BOG
MEX;CEN
MEX;CJS
MEX;CME
MEX;CTM
MEX;CUL
MEX;CUN
MEX;CUU
MEX;CZM
MEX;GDL
MEX;GUA
MEX;HAV
MEX;HMO
MEX;HUX
MEX;JFK
MEX;MIA
MEX;MID
MEX;MTY
MEX;OAX
MEX;PVR
MEX;SAT
MEX;SJD
MEX;SJO
MEX;SNA
MEX;TAM
MEX;TGZ
MEX;TIJ
MEX;VER
MEX;VSA
MEX;ZIH
MIA;MEX
MID;MEX
MTY;CUN
MTY;GDL
MTY;LAS
MTY;MEX
MTY;SAT
MTY;TLC
OAX;MEX
PVR;MEX
PVR;TLC
SAT;MEX
SAT;MTY
SAT;TLC
SJD;GDL
SJD;MEX
SJD;TLC
SJO;MEX
SNA;GDL
SNA;MEX
TAM;MEX
TGZ;MEX
TIJ;GDL
TIJ;MEX
TIJ;TLC
TLC;ACA
TLC;CUN
TLC;LAS
TLC;MTY
TLC;PVR
TLC;SAT
TLC;SJD
TLC;TIJ
TLC;ZIH
VER;MEX
VSA;MEX
ZIH;MEX
ZIH;TLC
DEL;KBL
DXB;KBL
DXB;OAI
HEA;KBL
KBL;DEL
KBL;DXB
KBL;HEA
KBL;OAI
OAI;DXB
OAI;KBL
AYT;BSL
AYT;ZRH
BSL;AYT
BSL;DJE
BSL;HRG
BSL;NBE
DJE;BSL
DJE;ZRH
HRG;BSL
HRG;ZRH
NBE;BSL
PRN;ZRH
RMF;ZRH
ZRH;AYT
ZRH;DJE
ZRH;HRG
ZRH;PRN
ZRH;RMF
ADB;CGN
ADB;HAJ
ADB;STR
AGP;STR
ARN;CGN
ATH;CGN
ATH;STR
AYT;CGN
AYT;STR
BCN;CGN
BCN;HAJ
BCN;HAM
BCN;STR
BDS;STR
BEG;STR
BIA;CGN
BIA;HAM
BIA;STR
BIA;TXL
BIO;STR
BLQ;CGN
BRE;STR
BRI;CGN
BRI;STR
BRU;STR
BUD;CGN
BUD;STR
CAG;CGN
CAG;STR
CFU;CGN
CFU;DRS
CFU;STR
CGN;ADB
CGN;ARN
CGN;ATH
CGN;AYT
CGN;BCN
CGN;BIA
CGN;BLQ
CGN;BRI
CGN;BUD
CGN;CAG
CGN;CFU
CGN;CMN
CGN;CTA
CGN;DBV
CGN;DRS
CGN;DUB
CGN;EDI
CGN;ESB
CGN;FAO
CGN;FCO
CGN;FDH
CGN;HAM
CGN;HER
CGN;IBZ
CGN;JMK
CGN;JTR
CGN;KEF
CGN;KGS
CGN;KLU
CGN;KVA
CGN;LEJ
CGN;LHR
CGN;LIS
CGN;LPA
CGN;MAN
CGN;MXP
CGN;NAP
CGN;NCE
CGN;NDR
CGN;OLB
CGN;PMI
CGN;PMO
CGN;PRG
CGN;PRN
CGN;PSA
CGN;PUY
CGN;RHO
CGN;RJK
CGN;RLG
CGN;SAW
CGN;SJJ
CGN;SKG
CGN;SPU
CGN;STN
CGN;SUF
CGN;SZG
CGN;TIA
CGN;TLV
CGN;TNG
CGN;TUN
CGN;TXL
CGN;VCE
CGN;VIE
CGN;VKO
CGN;VRN
CGN;XRY
CGN;ZAD
CGN;ZAG
CGN;ZRH
CMN;CGN
CTA;CGN
CTA;HAJ
CTA;HAM
CTA;STR
DBV;CGN
DBV;HAJ
DBV;HAM
DBV;STR
DRS;CFU
DRS;CGN
DRS;STR
DTM;MUC
DTM;PMI
DTM;SAW
DTM;SPU
DUB;CGN
DUS;PRN
DUS;SPU
EDI;CGN
ESB;CGN
ESB;STR
FAO;CGN
FAO;HAM
FAO;STR
FCO;CGN
FCO;HAJ
FCO;STR
FDH;CGN
HAJ;ADB
HAJ;BCN
HAJ;CTA
HAJ;DBV
HAJ;FCO
HAJ;HER
HAJ;MXP
HAJ;NAP
HAJ;PMI
HAJ;PRN
HAJ;SKG
HAJ;SPU
HAJ;STN
HAJ;STR
HAJ;SUF
HAJ;VCE
HAJ;VIE
HAM;BCN
HAM;BIA
HAM;CGN
HAM;CTA
HAM;DBV
HAM;FAO
HAM;HER
HAM;NCE
HAM;NUE
HAM;OLB
HAM;PMI
HAM;PRN
HAM;SPU
HAM;STR
HAM;VCE
HAM;VIE
HER;CGN
HER;HAJ
HER;HAM
HER;STR
HER;TXL
IBZ;CGN
IBZ;STR
JMK;CGN
JTR;CGN
KEF;CGN
KEF;STR
KGS;CGN
KLU;CGN
KRK;STR
KVA;CGN
KVA;STR
LEJ;CGN
LEJ;STR
LHR;CGN
LHR;STR
LIS;CGN
LIS;STR
LPA;CGN
MAN;CGN
MAN;STR
MLH;PRN
MUC;DTM
MUC;PRN
MXP;CGN
MXP;HAJ
MXP;STR
NAP;CGN
NAP;HAJ
NCE;CGN
NCE;HAM
NDR;CGN
NUE;HAM
OLB;CGN
OLB;HAM
OLB;STR
PMI;CGN
PMI;DTM
PMI;HAJ
PMI;HAM
PMI;STR
PMI;TXL
PMO;CGN
PRG;CGN
PRN;CGN
PRN;DUS
PRN;HAJ
PRN;HAM
PRN;MLH
PRN;MUC
PRN;STR
PRN;TXL
PSA;CGN
PUY;CGN
PUY;TXL
RHO;CGN
RJK;CGN
RJK;STR
RJK;TXL
RLG;CGN
RLG;STR
SAW;CGN
SAW;DTM
SAW;STR
SJJ;CGN
SJJ;STR
SKG;CGN
SKG;HAJ
SKG;STR
SPU;CGN
SPU;DTM
SPU;DUS
SPU;HAJ
SPU;HAM
SPU;STR
STN;CGN
STN;HAJ
STN;STR
STR;ADB
STR;AGP
STR;ATH
STR;AYT
STR;BCN
STR;BDS
STR;BEG
STR;BIA
STR;BIO
STR;BRE
STR;BRI
STR;BRU
STR;BUD
STR;CAG
STR;CFU
STR;CTA
STR;DBV
STR;DRS
STR;ESB
STR;FAO
STR;FCO
STR;HAJ
STR;HAM
STR;HER
STR;IBZ
STR;KEF
STR;KRK
STR;KVA
STR;LEJ
STR;LHR
STR;LIS
STR;MAN
STR;MXP
STR;OLB
STR;PMI
STR;PRN
STR;RJK
STR;RLG
STR;SAW
STR;SJJ
STR;SKG
STR;SPU
STR;STN
STR;SUF
STR;TXL
STR;VIE
STR;VKO
STR;ZAD
STR;ZAG
SUF;CGN
SUF;HAJ
SUF;STR
SZG;CGN
TIA;CGN
TLV;CGN
TNG;CGN
TUN;CGN
TXL;BIA
TXL;CGN
TXL;HER
TXL;PMI
TXL;PRN
TXL;PUY
TXL;RJK
TXL;STR
VCE;CGN
VCE;HAJ
VCE;HAM
VIE;CGN
VIE;HAJ
VIE;HAM
VIE;STR
VKO;CGN
VKO;STR
VRN;CGN
XRY;CGN
ZAD;CGN
ZAD;STR
ZAG;CGN
ZAG;STR
ZRH;CGN
AKP;FAI
BTT;AKP
BTT;CXF
CEM;IRC
CIK;FYU
CXF;AKP
FAI;BTT
FAI;CEM
FAI;FYU
FAI;MLY
FAI;RMP
FAI;SVS
FAI;TAL
FYU;CIK
FYU;FAI
IRC;FAI
MLY;MNT
MNT;FAI
RMP;FAI
SVS;WBQ
TAL;FAI
WBQ;FAI
AKI;TLT
ATT;KUK
BET;ATT
BET;EEK
BET;GNU
BET;KKH
BET;KLG
BET;KPN
BET;KWT
BET;NME
BET;WNA
BET;WTL
CYF;BET
EEK;KWN
GNU;PTU
KKH;KWK
KKI;AKI
KLG;BET
KPN;CYF
KUK;NUP
KWK;BET
KWN;BET
KWT;KKI
NME;OOK
NUP;BET
OOK;TNK
PKA;BET
PTU;BET
TLT;BET
TNK;WWT
WNA;PKA
WTL;BET
WTL;KKH
WWT;BET
BOC;SYQ
DRK;PJM
FON;XQP
GLF;PJM
GLF;SYQ
LIR;SYQ
LIR;TNO
MGA;SYQ
NOB;SYQ
PBP;NOB
PJM;GLF
PJM;SYQ
PMZ;XQP
SYQ;BOC
SYQ;DRK
SYQ;FON
SYQ;GLF
SYQ;LIR
SYQ;MGA
SYQ;PJM
SYQ;TMU
SYQ;TNO
SYQ;TTQ
SYQ;XQP
TMU;NOB
TMU;PBP
TNO;LIR
TNO;SYQ
TTQ;SYQ
XQP;PMZ
XQP;SYQ
ACC;KMS
KMS;ACC
EDL;LOK
EDL;NBO
JUB;NBO
KIS;EDL
KIS;NBO
LAU;MYD
LOK;EDL
MBA;NBO
MBA;ZNZ
MYD;LAU
MYD;NBO
NBO;EDL
NBO;JUB
NBO;KIS
NBO;MBA
NBO;MYD
NBO;ZNZ
ZNZ;MBA
ZNZ;NBO
BCD;CEB
BCD;CGY
BCD;MNL
BKI;MNL
BKK;CEB
BKK;CRK
BKK;MNL
BWN;MNL
BXU;CEB
BXU;MNL
CAN;MNL
CBO;MNL
CEB;BCD
CEB;BKK
CEB;BXU
CEB;CGM
CEB;CGY
CEB;CRK
CEB;DGT
CEB;DPL
CEB;DVO
CEB;GES
CEB;HKG
CEB;IAO
CEB;ICN
CEB;ILO
CEB;KLO
CEB;KUL
CEB;LGP
CEB;MBT
CEB;MNL
CEB;MPH
CEB;OZC
CEB;PAG
CEB;PPS
CEB;PUS
CEB;SIN
CEB;SUG
CEB;TAC
CEB;USU
CEB;ZAM
CGK;MNL
CGM;CEB
CGY;BCD
CGY;CEB
CGY;DVO
CGY;ILO
CGY;MNL
CGY;ZAM
CRK;BKK
CRK;CEB
CRK;HKG
CRK;MFM
CRK;SIN
CYZ;MNL
DGT;CEB
DGT;MNL
DPL;CEB
DPL;DVO
DPL;MNL
DPS;MNL
DVO;CEB
DVO;CGY
DVO;DPL
DVO;ILO
DVO;KLO
DVO;MNL
DVO;PPS
DVO;ZAM
GES;CEB
GES;ILO
GES;MNL
HAN;MNL
HKG;CEB
HKG;CRK
HKG;ILO
HKG;KLO
HKG;MNL
IAO;CEB
ICN;CEB
ICN;MNL
ILO;CEB
ILO;CGY
ILO;DVO
ILO;GES
ILO;HKG
ILO;MNL
ILO;PPS
ILO;SIN
ILO;TAC
KIX;MNL
KLO;CEB
KLO;DVO
KLO;HKG
KLO;MNL
KUL;CEB
KUL;MNL
LAO;MNL
LGP;CEB
LGP;MNL
MBT;CEB
MFM;CRK
MFM;MNL
MNL;BCD
MNL;BKI
MNL;BKK
MNL;BWN
MNL;BXU
MNL;CAN
MNL;CBO
MNL;CEB
MNL;CGK
MNL;CGY
MNL;CYZ
MNL;DGT
MNL;DPL
MNL;DPS
MNL;DVO
MNL;GES
MNL;HAN
MNL;HKG
MNL;ICN
MNL;ILO
MNL;KIX
MNL;KLO
MNL;KUL
MNL;LAO
MNL;LGP
MNL;MFM
MNL;MPH
MNL;OZC
MNL;PAG
MNL;PEK
MNL;PPS
MNL;PUS
MNL;PVG
MNL;REP
MNL;RXS
MNL;SGN
MNL;SIN
MNL;SJI
MNL;TAC
MNL;TAG
MNL;TPE
MNL;TUG
MNL;USU
MNL;VRC
MNL;WNP
MNL;XMN
MNL;ZAM
MPH;CEB
MPH;MNL
OZC;CEB
OZC;MNL
PAG;CEB
PAG;MNL
PEK;MNL
PPS;CEB
PPS;DVO
PPS;ILO
PPS;MNL
PUS;CEB
PUS;MNL
PVG;MNL
REP;MNL
RXS;MNL
SGN;MNL
SGS;ZAM
SIN;CEB
SIN;CRK
SIN;ILO
SIN;MNL
SJI;MNL
SUG;CEB
TAC;CEB
TAC;ILO
TAC;MNL
TAG;MNL
TPE;MNL
TUG;MNL
USU;CEB
USU;MNL
VRC;MNL
WNP;MNL
XMN;MNL
ZAM;CEB
ZAM;CGY
ZAM;DVO
ZAM;MNL
ZAM;SGS
ANU;MNI
MNI;ANU
AER;MMK
ARH;CSH
ARH;KSZ
ARH;LDG
ARH;LED
ARH;MMK
ARH;NNM
ARH;SVO
ARH;USK
CSH;ARH
KSZ;ARH
LDG;ARH
LED;ARH
LED;MMK
LED;SCW
MMK;AER
MMK;ARH
MMK;LED
MMK;SVO
MMK;TOS
NNM;ARH
NSK;SVO
SCW;LED
SCW;SVO
SVO;ARH
SVO;MMK
SVO;NSK
SVO;SCW
TOS;MMK
USK;ARH
ANF;CPO
ANF;IQQ
ANF;SCL
CCP;SCL
CJC;ANF
CJC;IQQ
CJC;SCL
CPO;ANF
CPO;SCL
IQQ;ANF
IQQ;CJC
IQQ;SCL
SCL;ANF
SCL;CCP
SCL;CJC
SCL;CPO
SCL;IQQ
AEP;MVD
AEP;PDP
EZE;MVD
MVD;AEP
MVD;EZE
MVD;POA
PDP;AEP
POA;MVD
YBK;YCS
YCB;YCO
YCB;YYH
YCB;YZF
YCO;YCB
YCO;YZF
YCS;YBK
YCS;YRT
YCY;YFB
YCY;YIO
YEG;YZF
YEK;YXN
YEK;YYQ
YEV;YVQ
YFB;YCY
YFB;YGT
YFB;YOW
YFB;YRT
YFB;YTE
YFB;YUX
YFB;YXP
YGT;YFB
YGT;YIO
YGT;YUX
YHK;YYH
YHK;YZF
YIO;YCY
YIO;YGT
YOW;YFB
YRT;YCS
YRT;YEK
YRT;YFB
YRT;YXN
YRT;YYQ
YRT;YZF
YTE;YFB
YTH;YYQ
YUT;YYQ
YUX;YFB
YUX;YGT
YVM;YXP
YVQ;YEV
YVQ;YZF
YWG;YRT
YXN;YEK
YXN;YRT
YXP;YFB
YXP;YVM
YYH;YCB
YYH;YHK
YYQ;YEK
YYQ;YRT
YYQ;YTH
YYQ;YWG
YZF;YCB
YZF;YCO
YZF;YEG
YZF;YHK
YZF;YRT
YZF;YVQ
YZF;YYH
YZS;YUT
AMD;BLR
AMD;BOM
AMD;CCU
AMD;DEL
AMD;GOI
AMD;HYD
AMD;JAI
AMD;MAA
AMD;PNQ
BBI;BOM
BBI;CCU
BBI;DEL
BBI;HYD
BBI;VTZ
BDQ;BOM
BDQ;DEL
BKK;CCU
BKK;DEL
BLR;AMD
BLR;BOM
BLR;CCU
BLR;COK
BLR;DEL
BLR;GAU
BLR;GOI
BLR;HYD
BLR;JAI
BLR;LKO
BLR;MAA
BLR;NAG
BLR;PNQ
BLR;TRV
BOM;AMD
BOM;BBI
BOM;BDQ
BOM;BLR
BOM;CCU
BOM;CJB
BOM;COK
BOM;DEL
BOM;DXB
BOM;GOI
BOM;HYD
BOM;IDR
BOM;IXC
BOM;IXJ
BOM;JAI
BOM;LKO
BOM;MAA
BOM;MCT
BOM;NAG
BOM;SXR
BOM;TRV
CCU;AMD
CCU;BBI
CCU;BKK
CCU;BLR
CCU;BOM
CCU;DEL
CCU;DIB
CCU;GAU
CCU;HYD
CCU;IMF
CCU;IXA
CCU;JAI
CCU;MAA
CCU;NAG
CCU;PAT
CCU;RPR
CJB;BOM
CJB;DEL
CJB;MAA
COK;BLR
COK;BOM
COK;DEL
COK;DXB
COK;HYD
COK;MAA
COK;TRV
DEL;AMD
DEL;BBI
DEL;BDQ
DEL;BKK
DEL;BLR
DEL;BOM
DEL;CCU
DEL;CJB
DEL;COK
DEL;DXB
DEL;GAU
DEL;GOI
DEL;HYD
DEL;IDR
DEL;IXJ
DEL;KTM
DEL;LKO
DEL;MAA
DEL;NAG
DEL;PAT
DEL;PNQ
DEL;RPR
DEL;SXR
DIB;CCU
DXB;BOM
DXB;COK
DXB;DEL
DXB;HYD
DXB;MAA
DXB;TRV
GAU;BLR
GAU;CCU
GAU;DEL
GAU;IMF
GAU;IXA
GOI;AMD
GOI;BLR
GOI;BOM
GOI;DEL
HYD;AMD
HYD;BBI
HYD;BLR
HYD;BOM
HYD;CCU
HYD;COK
HYD;DEL
HYD;DXB
HYD;JAI
HYD;MAA
HYD;PNQ
HYD;RPR
HYD;VTZ
IDR;BOM
IDR;DEL
IDR;NAG
IDR;RPR
IMF;CCU
IMF;GAU
IMF;IXA
IXA;CCU
IXA;GAU
IXA;IMF
IXC;BOM
IXJ;DEL
IXJ;SXR
JAI;AMD
JAI;BLR
JAI;BOM
JAI;CCU
JAI;HYD
KTM;DEL
LKO;BLR
LKO;BOM
LKO;DEL
LKO;PAT
MAA;AMD
MAA;BLR
MAA;BOM
MAA;CCU
MAA;CJB
MAA;COK
MAA;DEL
MAA;DXB
MAA;HYD
MAA;PNQ
MAA;SIN
MAA;TRV
MAA;VTZ
MCT;BOM
NAG;BLR
NAG;BOM
NAG;CCU
NAG;DEL
NAG;IDR
NAG;PNQ
PAT;CCU
PAT;DEL
PAT;LKO
PNQ;AMD
PNQ;BLR
PNQ;DEL
PNQ;HYD
PNQ;MAA
PNQ;NAG
RPR;CCU
RPR;DEL
RPR;HYD
RPR;IDR
SIN;MAA
SXR;BOM
SXR;DEL
SXR;IXJ
TRV;BLR
TRV;BOM
TRV;COK
TRV;DXB
TRV;MAA
VTZ;BBI
VTZ;HYD
VTZ;MAA
ETH;SDV
ETH;TLV
FCO;TLV
MUC;TLV
NCE;TLV
SDV;ETH
SXF;TLV
TLV;ETH
TLV;FCO
TLV;MUC
TLV;NCE
TLV;SXF
BBO;BSA
BBO;JIB
BSA;BBO
BSA;GLK
DXB;BBO
GLK;BBO
GLK;BSA
HGA;BSA
HGA;JIB
HGA;MGQ
JIB;DXB
JIB;HGA
JIB;MGQ
MGQ;BBO
MGQ;HGA
YEV;YHI
YEV;YPC
YEV;YSY
YEV;YUB
YHI;YEV
YHI;YSY
YPC;YEV
YSY;YEV
YSY;YHI
YUB;YEV
AKY;RGN
AKY;SNW
HEH;MDL
HEH;RGN
KAW;MGZ
MDL;HEH
MDL;NYU
MGZ;KAW
MGZ;TVY
NYT;NYU
NYT;RGN
NYU;MDL
NYU;RGN
RGN;AKY
RGN;HEH
RGN;NYT
RGN;SNW
RGN;TVY
SNW;RGN
TVY;MGZ
TVY;RGN
AER;RTW
DME;RTW
EVN;RTW
GYD;RTW
RTW;AER
RTW;DME
RTW;EVN
RTW;GYD
RTW;SVX
SVX;RTW
BKK;ICN
BKK;PUS
CEB;ICN
CEB;PUS
CJU;PUS
CTS;ICN
FUK;ICN
GMP;KIX
GMP;NGO
GUM;ICN
HKG;ICN
ICN;BKK
ICN;CEB
ICN;CTS
ICN;FUK
ICN;GUM
ICN;HKG
ICN;KIX
ICN;MNL
ICN;NGO
ICN;NRT
ICN;SGN
ICN;TAO
KIX;GMP
KIX;ICN
MNL;ICN
NGO;GMP
NGO;ICN
NRT;ICN
PUS;BKK
PUS;CJU
SGN;ICN
TAO;ICN
GWT;HAM
HAM;GWT
YAB;YFB
YAB;YRB
YBK;YRT
YBK;YUT
YCB;YCO
YCB;YHK
YCB;YRB
YCB;YZF
YCO;YCB
YCO;YHI
YCO;YZF
YCS;YRT
YCS;YZS
YCY;YFB
YCY;YIO
YEG;YZF
YEK;YRT
YEK;YXN
YEV;YVQ
YFB;YAB
YFB;YCY
YFB;YGT
YFB;YLC
YFB;YOW
YFB;YRB
YFB;YRT
YFB;YTE
YFB;YUX
YFB;YVP
YFB;YXP
YFS;YZF
YGT;YFB
YGT;YUX
YHI;YCO
YHK;YCB
YHK;YYH
YHY;YZF
YIO;YCY
YLC;YFB
YOW;YFB
YRB;YAB
YRB;YCB
YRT;YBK
YRT;YCS
YRT;YEK
YRT;YFB
YRT;YWG
YRT;YXN
YRT;YZF
YTE;YFB
YTE;YZS
YUL;YVP
YUT;YBK
YUX;YFB
YUX;YGT
YVM;YXP
YVP;YFB
YVP;YUL
YVQ;YEV
YVQ;YZF
YWG;YRT
YXN;YEK
YXN;YRT
YXP;YFB
YXP;YVM
YYH;YHK
YYH;YZF
YZF;YCB
YZF;YCO
YZF;YEG
YZF;YFS
YZF;YHK
YZF;YHY
YZF;YRT
YZF;YVQ
YZS;YCS
YZS;YTE
FUK;HND
HND;FUK
HND;KIX
HND;KKJ
KIX;HND
KKJ;HND
KKJ;PUS
PUS;KKJ
ABL;OTZ
ABL;SHG
ADQ;ANC
AIN;ATK
AIN;BRW
AKI;KKI
AKI;TLT
ANC;ADQ
ANC;ANI
ANC;BET
ANC;CDV
ANC;ENA
ANC;FAI
ANC;HOM
ANC;KSM
ANC;UNK
ANC;VDZ
ANI;ANC
ANI;CHU
ANI;HCR
ANI;KLG
ANI;RSH
ANI;SHX
ANV;HCR
ANV;KGX
ATK;AIN
ATK;BRW
ATT;BET
AUK;EMK
AUK;SXP
BET;ANC
BET;CYF
BET;EEK
BET;HPB
BET;KKH
BET;KLG
BET;KUK
BET;KWK
BET;KWN
BET;KWT
BET;MLL
BET;NME
BET;OOK
BET;PQS
BET;TLT
BET;VAK
BET;WTL
BKC;DRG
BKC;OTZ
BRW;AIN
BRW;ATK
BRW;NUI
BRW;PIZ
BTI;FYU
BTI;SCC
CDV;ANC
CHU;CKD
CKD;RDV
CKD;SLQ
CYF;BET
CYF;KPN
DRG;BKC
DRG;OTZ
EEK;KWN
ELI;KKA
ELI;OME
EMK;AUK
EMK;KOT
ENA;ANC
FAI;ANC
FAI;FYU
FAI;GAL
FAI;RBY
FAI;SCC
FYU;BTI
FYU;FAI
GAL;FAI
GAL;HSL
GAL;KAL
GAL;NUL
GAL;RBY
GAM;OME
GAM;SVA
GLV;OME
GLV;WMO
HCR;ANI
HCR;ANV
HOM;ANC
HPB;SCM
HPB;VAK
HSL;KYU
IAN;ORV
IAN;OTZ
KAL;GAL
KAL;NUL
KGX;ANV
KGX;SHX
KKA;ELI
KKA;SKK
KKA;UNK
KKH;BET
KKH;KWK
KKI;AKI
KKI;KWT
KLG;ANI
KLG;BET
KLG;RSH
KOT;EMK
KOT;KSM
KOT;WBB
KPN;BET
KPN;CYF
KSM;ANC
KSM;KOT
KSM;MOU
KSM;SXP
KTS;TLA
KTS;WAA
KUK;NUP
KVL;OTZ
KWK;BET
KWK;KKH
KWK;KPN
KWN;BET
KWT;BET
KWT;KKI
KYU;GAL
MLL;RSH
MOU;KSM
MOU;PQS
MYU;BET
NME;OOK
NME;TNK
NUI;BRW
NUI;SCC
NUL;GAL
NUL;KAL
NUP;ATT
OBU;ABL
OBU;OTZ
OME;ELI
OME;GAM
OME;GLV
OME;KTS
OME;SHH
OME;SKK
OME;SVA
OME;TLA
OME;UNK
OME;WAA
OME;WBB
OME;WMO
OOK;MYU
OOK;TNK
ORV;IAN
ORV;OTZ
OTZ;ABL
OTZ;BKC
OTZ;DRG
OTZ;IAN
OTZ;ORV
OTZ;PHO
OTZ;SHG
OTZ;WLK
OTZ;WTK
PHO;OTZ
PHO;PIZ
PIZ;BRW
PIZ;PHO
PQS;BET
PQS;MOU
RBY;FAI
RBY;GAL
RDV;SLQ
RSH;ANI
RSH;BET
RSH;KLG
SCC;BTI
SCC;FAI
SCC;NUI
SCM;BET
SHG;OBU
SHH;OME
SHH;WAA
SHX;ANI
SHX;KGX
SKK;KKA
SKK;OME
SKK;UNK
SLQ;ANI
SLQ;SRV
SMK;UNK
SMK;WBB
SRV;ANI
SVA;GAM
SVA;OME
SXP;AUK
SXP;KSM
TLA;KTS
TLA;OME
TLT;AKI
TLT;BET
TNK;WWT
UNK;ANC
UNK;ELI
UNK;SKK
UNK;SMK
VAK;HPB
VAK;SCM
VDZ;ANC
WAA;KTS
WAA;OME
WBB;KOT
WBB;OME
WBB;SMK
WBB;UNK
WLK;OTZ
WMO;GLV
WMO;OME
WTK;KVL
WTL;BET
WWT;BET
AUA;CUR
BON;CUR
BON;MIA
BRM;CUR
CCS;CUR
CLT;CUR
CUR;AUA
CUR;BON
CUR;BRM
CUR;CCS
CUR;CLT
CUR;KIN
CUR;LSP
CUR;MAR
CUR;MDE
CUR;MIA
CUR;PBM
CUR;SXM
CUR;VLN
KIN;CUR
LSP;CUR
MAR;CUR
MDE;CUR
MIA;BON
MIA;CUR
MIA;PAP
PAP;MIA
PAP;SXM
PBM;CUR
SDQ;SXM
SXM;CUR
SXM;PAP
SXM;SDQ
VLN;CUR
BCA;HAV
BYM;HAV
CCC;HAV
CCC;HOG
CMW;HAV
CYO;HAV
HAV;BCA
HAV;BYM
HAV;CCC
HAV;CYO
HAV;HOG
HAV;MGA
HAV;MID
HAV;MOA
HAV;MZO
HAV;SCU
HAV;VTU
HOG;CCC
HOG;CMW
HOG;HAV
MGA;HAV
MID;HAV
MOA;HOG
MZO;HAV
PAP;SCU
SCU;HAV
SCU;PAP
VTU;HAV
CUN;CZM
CUN;MID
CZM;CUN
MID;CUN
MID;VSA
VER;VSA
VSA;MID
VSA;VER
ACU;PAC
BFQ;JQE
BOC;PAC
CHX;BOC
CZJ;PAC
DAV;PAC
DAV;SJO
GHE;PAC
JQE;PAC
MPP;PAC
OGM;MPP
OTD;SCI
OTD;SIC
PAC;BFQ
PAC;BOC
PAC;CHX
PAC;CZJ
PAC;DAV
PAC;OGM
PAC;OTD
PAC;PUE
PAC;PYC
PAC;SAX
PUE;PAC
PYC;ACU
SAX;GHE
SCI;PAC
SIC;PAC
SJO;DAV
AAQ;LED
AER;CSY
AER;DME
AER;SKX
AER;ULV
AKX;DME
CEK;GDZ
CEK;KRR
CEK;NJC
CEK;NUX
CSY;AER
CSY;DME
DME;AER
DME;AKX
DME;CSY
DME;EGO
DME;ESL
DME;GRV
DME;IAR
DME;IJK
DME;KUN
DME;KVK
DME;LED
DME;MMK
DME;PES
DME;SKX
DME;UKS
DME;ULV
DME;URJ
DME;VKT
DME;VOG
DME;VOZ
EGO;DME
ESL;DME
EVN;VOG
GRV;DME
GRV;LED
IAR;DME
IAR;LED
IJK;DME
IKT;OVB
KJA;SVX
KRR;CEK
KRR;KUF
KRR;SVX
KUF;KRR
KUF;NJC
KUF;SVX
KUN;DME
KVK;DME
LED;AAQ
LED;DME
LED;GRV
LED;IAR
LED;MCX
LED;OGZ
LED;STW
LED;UFA
LED;ULV
LED;VOG
LED;VOZ
MMK;DME
MQF;SVX
MRV;SAW
MRV;UFA
NJC;CEK
NJC;KUF
NJC;OVB
NUX;CEK
NUX;OVB
NUX;SVX
OGZ;LED
OVB;IKT
OVB;NJC
OVB;NUX
OVB;SVX
OVB;UFA
PEE;KUF
PEE;SVX
PES;DME
SAW;MRV
SGC;VOG
SKX;AER
SKX;DME
STW;LED
SVX;KJA
SVX;KRR
SVX;KUF
SVX;MQF
SVX;NJC
SVX;NUX
SVX;OVB
SVX;PEE
SVX;UFA
SVX;VOG
UFA;LED
UFA;MRV
UFA;OVB
UFA;SVX
UKS;DME
ULV;AER
ULV;DME
ULV;LED
URJ;DME
VKT;DME
VOG;DME
VOG;EVN
VOG;LED
VOG;SGC
VOG;SVX
VOZ;DME
VOZ;LED
ANI;HCR
ANI;KLG
ANI;SHX
ANV;KGX
KGX;ANV
KGX;SHX
KLG;RSH
RSH;ANI
SHX;ANI
SHX;KGX
BKK;HKT
BKK;ICN
CKG;HKT
HKT;BKK
HKT;CKG
HKT;ICN
ICN;BKK
ICN;HKT
ADQ;AKK
ADQ;KOZ
ADQ;OLH
ADQ;ORI
AKK;ADQ
KOZ;ADQ
OLH;ADQ
ORI;ADQ
ABL;OTZ
ABL;SHG
BKC;DRG
BKC;OTZ
DRG;BKC
DRG;OTZ
ELI;GLV
ELI;KKA
ELI;OME
GAM;OME
GAM;SVA
GLV;ELI
GLV;WMO
IAN;ORV
IAN;OTZ
KKA;OME
KKA;SKK
KTS;OME
KTS;WAA
KVL;OTZ
KVL;PHO
OBU;ABL
OBU;OTZ
OME;ELI
OME;GAM
OME;KKA
OME;OTZ
OME;SHH
OME;SVA
OME;TLA
OME;TNC
OME;UNK
OME;WBB
OME;WMO
ORV;IAN
ORV;OTZ
OTZ;ABL
OTZ;BKC
OTZ;DRG
OTZ;IAN
OTZ;KVL
OTZ;OME
OTZ;ORV
OTZ;PHO
OTZ;SHG
OTZ;WLK
OTZ;WTK
PHO;LUR
PHO;OTZ
SHG;OBU
SHH;OME
SKK;KKA
SKK;OME
SKK;UNK
SMK;UNK
SMK;WBB
SVA;GAM
SVA;OME
TLA;KTS
TNC;WAA
UNK;OME
UNK;SKK
UNK;SMK
WAA;OME
WAA;SHH
WBB;OME
WBB;SMK
WBB;UNK
WLK;OTZ
WMO;GLV
WMO;OME
WTK;KVL
WTK;OTZ
AUA;MAR
MAR;AUA
BAV;XIY
CGO;HRB
CGO;KMG
CGO;SHE
CKG;KMG
CKG;LJG
CKG;XUZ
CSX;FOC
CSX;KMG
CSX;LJG
CTU;KMG
CTU;LJG
CTU;TCZ
CTU;TSN
DIG;KMG
DLC;TSN
DLC;WUH
DLU;JHG
DLU;KMG
FOC;CSX
FOC;NNG
HAK;KMG
HET;TYN
HFE;KMG
HGH;KMG
HRB;CGO
JHG;DLU
JHG;KMG
JHG;LJG
KMG;CGO
KMG;CKG
KMG;CSX
KMG;CTU
KMG;DIG
KMG;DLU
KMG;HAK
KMG;HFE
KMG;HGH
KMG;JHG
KMG;KWE
KMG;KWL
KMG;LHW
KMG;LJG
KMG;LUM
KMG;NNG
KMG;PEK
KMG;PVG
KMG;SJW
KMG;SYM
KMG;SYX
KMG;TCZ
KMG;TNA
KMG;TYN
KMG;WUH
KMG;XIY
KWE;KMG
KWE;LJG
KWE;NKG
KWL;KMG
KWL;XMN
LHW;KMG
LHW;URC
LJG;CKG
LJG;CSX
LJG;CTU
LJG;JHG
LJG;KMG
LJG;KWE
LJG;NKG
LUM;KMG
LUM;PEK
NKG;KWE
NKG;LJG
NNG;FOC
NNG;KMG
PEK;KMG
PEK;LUM
PVG;KMG
SHE;CGO
SJW;KMG
SJW;TVS
SYM;KMG
SYX;KMG
TAO;WUH
TCZ;CTU
TCZ;KMG
TNA;KMG
TSN;CTU
TSN;DLC
TVS;SJW
TYN;HET
TYN;KMG
URC;LHW
WUH;DLC
WUH;KMG
WUH;TAO
XIY;BAV
XIY;KMG
XMN;KWL
XUZ;CKG
YIH;KMG
BKK;MDL
BKK;RGN
BKK;SIN
CAN;RGN
ICN;RGN
KUL;RGN
RGN;BKK
RGN;CAN
RGN;ICN
RGN;KUL
RGN;SIN
SIN;BKK
SIN;RGN
QBC;YAA
QBC;YVR
YAA;QBC
YAA;YVR
YBL;YQQ
YBL;YVR
YKT;ZEL
YPW;YVR
YQQ;YBL
YQQ;YVR
YVR;QBC
YVR;YAA
YVR;YBL
YVR;YPW
YVR;YQQ
YVR;YWL
YVR;YXC
YVR;YYJ
YVR;YZT
YVR;YZZ
YVR;ZMT
YWL;YVR
YXC;YVR
YYJ;YVR
YZT;YVR
YZT;ZEL
YZZ;YVR
ZEL;YKT
ZEL;YZT
ZMT;YVR
ADA;IST
ADB;IST
AYT;IST
BJV;IST
DIY;IST
DLM;IST
ECN;IST
ECN;TZX
ERZ;IST
EZS;IST
GNY;IST
GZT;IST
IST;ADA
IST;ADB
IST;AYT
IST;BJV
IST;DIY
IST;DLM
IST;ECN
IST;ERZ
IST;EZS
IST;GNY
IST;GZT
IST;KVD
IST;MLX
IST;ODS
IST;OMH
IST;TZX
KVD;IST
MLX;IST
ODS;IST
OMH;IST
TZX;ECN
TZX;IST
AEP;MDQ
AEP;ROS
AEP;SFN
BHI;MDQ
COR;MDZ
COR;ROS
CRD;NQN
CRD;REL
MDQ;AEP
MDZ;COR
MDZ;NQN
MVD;ROS
NQN;CRD
NQN;MDZ
REL;BHI
REL;CRD
ROS;AEP
ROS;COR
ROS;SFN
SFN;AEP
YFJ;YZF
YFS;YZF
YLE;YZF
YRA;YZF
YSG;YZF
YZF;YFJ
YZF;YFS
YZF;YLE
YZF;YRA
YZF;YSG
AMM;BEN
AMM;TIP
BEN;AMM
BEN;CAI
BEN;DXB
BEN;HBE
BEN;IST
BEN;KRT
BEN;MRA
BEN;SEB
BEN;SFA
BEN;TIP
BEN;TUN
CAI;BEN
CAI;MRA
CAI;TIP
CMN;TIP
DUS;TIP
DXB;BEN
DXB;TIP
HBE;BEN
HBE;TIP
IST;BEN
IST;TIP
KRT;BEN
KRT;TIP
LGW;TIP
MRA;BEN
MRA;CAI
MRA;SFA
MRA;TUN
NIM;TIP
SEB;BEN
SEB;TIP
SEB;TUN
SFA;BEN
SFA;MRA
SFA;TIP
TIP;AMM
TIP;BEN
TIP;CAI
TIP;CMN
TIP;DUS
TIP;DXB
TIP;HBE
TIP;IST
TIP;KRT
TIP;LGW
TIP;NIM
TIP;SEB
TIP;SFA
TIP;TUN
TUN;BEN
TUN;MRA
TUN;SEB
TUN;TIP
AET;BTT
AET;FAI
AET;HUS
AKP;BTT
AKP;FAI
ARC;FAI
ARC;VEE
BTT;AET
BTT;AKP
BTT;FAI
FAI;AET
FAI;AKP
FAI;BTT
FAI;FYU
FAI;GAL
FAI;LMA
FAI;RBY
FAI;TAL
FYU;ARC
FYU;FAI
FYU;VEE
GAL;FAI
GAL;KAL
GAL;NUL
HSL;HUS
HSL;RBY
HSL;TAL
HUS;FAI
HUS;TAL
KAL;HSL
KYU;GAL
LMA;FAI
NUL;KYU
RBY;FAI
RBY;TAL
TAL;FAI
TAL;HSL
TAL;RBY
VEE;ARC
VEE;FYU
BKK;PVG
CAN;SHA
CAN;SJW
CGD;KMG
CGD;SHA
CGQ;PVG
CKG;HKG
CKG;LYA
CKG;PVG
CKG;SHA
CSX;SHA
CTU;SHA
CTU;SJW
DLC;HGH
DLC;NBS
DLC;PVG
DLC;SJW
DYG;PVG
DYG;SJW
HET;SJW
HGH;DLC
HGH;HKG
HGH;KWL
HGH;SHE
HGH;SJW
HGH;SYX
HGH;SZX
HJJ;KMG
HJJ;SHA
HKG;CKG
HKG;HGH
HKG;NKG
HKG;PVG
HKG;XMN
HRB;PVG
HSG;PVG
IBR;PVG
INC;PVG
INC;SHA
INC;URC
JIQ;KMG
JIQ;SHA
JJN;SHA
KMG;CGD
KMG;HJJ
KMG;JIQ
KMG;PVG
KMG;SHA
KMG;SJW
KMG;ZYI
KWE;SHA
KWL;HGH
KWL;PVG
KWL;SJW
LHW;PVG
LYA;CKG
LYA;SHE
MFM;PVG
MIG;PVG
NBS;DLC
NKG;HKG
NKG;SHE
NNG;SHA
NTG;SHE
NTG;XMN
PVG;BKK
PVG;CGQ
PVG;CKG
PVG;DLC
PVG;DYG
PVG;HKG
PVG;HKT
PVG;HRB
PVG;HSG
PVG;IBR
PVG;INC
PVG;KMG
PVG;KWE
PVG;KWL
PVG;LHW
PVG;MFM
PVG;MIG
PVG;NNG
PVG;REP
PVG;SHE
PVG;SYX
PVG;TAK
PVG;TAO
PVG;XMN
PVG;ZUH
REP;PVG
SHA;CAN
SHA;CGD
SHA;CKG
SHA;CSX
SHA;CTU
SHA;HJJ
SHA;INC
SHA;JIQ
SHA;JJN
SHA;KMG
SHA;LHW
SHA;MIG
SHA;SHE
SHA;SJW
SHA;SWA
SHA;SYX
SHA;SZX
SHA;TAO
SHA;URC
SHA;XIY
SHA;XMN
SHA;ZUH
SHA;ZYI
SHE;HGH
SHE;LYA
SHE;NKG
SHE;NTG
SHE;PVG
SHE;SHA
SHE;SJW
SHE;XIY
SHE;XMN
SJW;CAN
SJW;CKG
SJW;CTU
SJW;DLC
SJW;DYG
SJW;HET
SJW;HGH
SJW;KMG
SJW;KWL
SJW;SHA
SJW;SHE
SJW;SZX
SJW;XMN
SWA;SHA
SYX;HGH
SYX;PVG
SYX;SHA
SZX;SHA
SZX;SJW
TAK;PVG
TAO;PVG
TAO;SHA
URC;INC
URC;SHA
XMN;HKG
XMN;NTG
XMN;PVG
XMN;SHA
XMN;SHE
XMN;SJW
ZUH;PVG
ZUH;SHA
ZYI;KMG
ZYI;SHA
GPZ;TVF
TVF;GPZ
AUA;BON
AUA;CUR
AUA;MIA
BOG;CUR
BON;CUR
CCS;CUR
CUR;AUA
CUR;BOG
CUR;BON
CUR;CCS
CUR;MAR
CUR;MCO
CUR;MIA
CUR;PAP
CUR;PBM
CUR;SDQ
CUR;SXM
CUR;VLN
MAR;CUR
MCO;CUR
MIA;AUA
MIA;CUR
MIA;PAP
PAP;CUR
PAP;MIA
PBM;CUR
SDQ;CUR
SDQ;SXM
SXM;CUR
SXM;SDQ
VLN;CUR
ABV;LOS
ABV;PHC
LOS;ABV
LOS;PHC
PHC;ABV
PHC;LOS
ACK;BOS
ACK;EWB
ACK;HPN
ACK;HYA
ACK;MVY
ACK;PVD
ALB;BOS
ALB;MSS
ALB;OGS
AUG;BOS
AXA;SJU
BHB;BOS
BOS;ACK
BOS;ALB
BOS;AUG
BOS;BHB
BOS;HYA
BOS;LEB
BOS;MVY
BOS;PVC
BOS;RKD
BOS;RUT
BOS;SLK
CGI;STL
EIS;SJU
EWB;ACK
EWB;MVY
EYW;RSW
HPN;ACK
HPN;HYA
HPN;LEB
HPN;MVY
HPN;PVC
HYA;ACK
HYA;BOS
HYA;HPN
HYA;MVY
IRK;STL
LEB;BOS
LEB;HPN
MAZ;SJU
MSS;ALB
MVY;ACK
MVY;BOS
MVY;EWB
MVY;HPN
MVY;HYA
MVY;PVD
MWA;STL
NEV;SJU
OGS;ALB
OWB;STL
PVC;BOS
PVC;HPN
PVD;ACK
PVD;MVY
RKD;BOS
RSW;EYW
RUT;BOS
SJU;AXA
SJU;EIS
SJU;MAZ
SJU;NEV
SJU;STT
SJU;STX
SJU;VQS
SLK;BOS
STL;CGI
STL;IRK
STL;MWA
STL;OWB
STL;TBN
STL;UIN
STT;SJU
STT;STX
STX;SJU
STX;STT
STX;VQS
TBN;STL
UIN;STL
VQS;SJU
VQS;STX
YBL;YQQ
YBL;YVR
YDQ;YVR
YDQ;YYE
YEG;YOJ
YEG;YOP
YEG;YXJ
YEG;YYC
YEG;YYE
YKA;YVR
YKA;YXS
YLL;YYC
YLW;YKA
YLW;YXS
YOJ;YEG
YOJ;YOP
YOP;YEG
YOP;YOJ
YPR;YVR
YQQ;YBL
YQQ;YVR
YQZ;YVR
YQZ;YWL
YVR;YBL
YVR;YDQ
YVR;YLW
YVR;YPR
YVR;YQQ
YVR;YQZ
YVR;YWL
YVR;YXT
YWL;YQZ
YWL;YVR
YXJ;YEG
YXJ;YXS
YXJ;YYE
YXS;YKA
YXS;YLW
YXS;YXJ
YXS;YXT
YXS;YYC
YXS;YYD
YXS;YYE
YXT;YVR
YXT;YXS
YYC;YEG
YYC;YLL
YYC;YXS
YYD;YXS
YYE;YDQ
YYE;YEG
YYE;YXJ
YYE;YXS
GDT;PLS
GDT;SLX
PLS;GDT
PLS;SLX
SLX;GDT
SLX;PLS
ACR;LCR
ACR;SVI
ADZ;PVA
APO;EOH
AUC;BOG
BOG;AUC
BOG;BUN
BOG;CZU
BOG;EOH
BOG;FLA
BOG;IPI
BOG;LMC
BOG;MVP
BOG;PCR
BOG;PDA
BOG;PSO
BOG;PUU
BOG;RVE
BOG;SJE
BOG;SVI
BOG;TME
BOG;UIB
BOG;VGZ
BOG;VVC
BSC;EOH
BUN;BOG
CLO;GPI
CLO;PUU
CLO;UIB
CZU;BOG
EOH;APO
EOH;BOG
EOH;BSC
EOH;UIB
FLA;BOG
GPI;CLO
IPI;BOG
LCR;ACR
LCR;LET
LET;LCR
LET;LPD
LET;TCD
LMC;BOG
LMC;VVC
LPD;LET
LQM;PUU
MVP;BOG
MVP;VVC
NQU;UIB
PCR;BOG
PCR;VVC
PDA;BOG
PDA;VVC
PSO;BOG
PUU;BOG
PUU;CLO
PUU;LQM
PVA;ADZ
RVE;BOG
RVE;TME
SJE;BOG
SVI;ACR
SVI;BOG
TCD;LET
TME;BOG
TME;RVE
UIB;BOG
UIB;CLO
UIB;EOH
UIB;NQU
VGZ;BOG
VVC;BOG
VVC;MVP
VVC;PCR
VVC;PDA
AER;KIV
ATH;KIV
BLQ;KIV
BVA;KIV
DME;KIV
DUB;KIV
FCO;KIV
FRA;KIV
IST;KIV
KBP;KIV
KIV;AER
KIV;BLQ
KIV;BVA
KIV;DME
KIV;DUB
KIV;FCO
KIV;FRA
KIV;IST
KIV;KBP
KIV;LCA
KIV;LED
KIV;MAD
KIV;MXP
KIV;OTP
KIV;SGC
KIV;STN
KIV;VRN
LCA;ATH
LED;KIV
LIS;KIV
MAD;LIS
MXP;KIV
OTP;KIV
SGC;KIV
STN;KIV
VRN;KIV
AUA;CCS
BLA;CCS
BLA;MIA
BLA;PMV
BLA;PTY
BLA;PZO
BLA;VLN
BNS;CCS
CCS;AUA
CCS;BLA
CCS;BNS
CCS;CUR
CCS;MAR
CCS;PMV
CCS;PZO
CUR;CCS
MAR;CCS
MAR;VLN
MIA;BLA
PMV;BLA
PMV;CCS
PMV;PZO
PTY;BLA
PZO;BLA
PZO;CCS
PZO;PMV
VLN;BLA
VLN;MAR
AJL;CCU
AJL;GAU
AMD;BHO
AMD;BLR
AMD;BOM
AMD;DEL
AMD;IDR
AMD;JAI
ATQ;DEL
AUH;BOM
AUH;CCJ
AUH;COK
AUH;DEL
AUH;HYD
AUH;KWI
AUH;MAA
AUH;TRV
BAH;BOM
BBI;BLR
BBI;BOM
BBI;CCU
BDQ;BOM
BHJ;BOM
BHO;AMD
BHO;BOM
BHO;DEL
BHO;RPR
BHU;BOM
BKK;BOM
BKK;CCU
BKK;DEL
BLR;AMD
BLR;BBI
BLR;BOM
BLR;CCU
BLR;CJB
BLR;COK
BLR;DEL
BLR;GOI
BLR;HYD
BLR;IXE
BLR;KUL
BLR;MAA
BLR;PNQ
BLR;TRV
BLR;VTZ
BOM;AMD
BOM;AUH
BOM;BAH
BOM;BBI
BOM;BDQ
BOM;BHJ
BOM;BHO
BOM;BHU
BOM;BKK
BOM;BLR
BOM;BRU
BOM;CCJ
BOM;CCU
BOM;CJB
BOM;CMB
BOM;COK
BOM;DAC
BOM;DEL
BOM;DIU
BOM;DMM
BOM;DOH
BOM;DXB
BOM;GOI
BOM;HKG
BOM;HYD
BOM;IDR
BOM;IXC
BOM;IXE
BOM;IXU
BOM;JAI
BOM;JDH
BOM;JED
BOM;JNB
BOM;KTM
BOM;KUL
BOM;KWI
BOM;LHR
BOM;LKO
BOM;MAA
BOM;MCT
BOM;NAG
BOM;NBO
BOM;NRT
BOM;PNQ
BOM;RAJ
BOM;RPR
BOM;RUH
BOM;SIN
BOM;TRV
BOM;UDR
BOM;VTZ
BRU;BOM
BRU;DEL
BRU;EWR
BRU;YYZ
CCJ;AUH
CCJ;BOM
CCU;AJL
CCU;BBI
CCU;BKK
CCU;BLR
CCU;BOM
CCU;DAC
CCU;DEL
CCU;GAU
CCU;IXA
CCU;IXB
CCU;IXR
CCU;IXS
CCU;IXZ
CCU;JRH
CCU;LKO
CCU;MAA
CCU;PAT
CCU;VNS
CCU;VTZ
CJB;BLR
CJB;BOM
CJB;MAA
CMB;BOM
CMB;MAA
COK;AUH
COK;BLR
COK;BOM
COK;DOH
COK;MAA
COK;MCT
COK;SHJ
DAC;BOM
DAC;CCU
DAC;DEL
DED;DEL
DEL;AMD
DEL;ATQ
DEL;AUH
DEL;BHO
DEL;BKK
DEL;BLR
DEL;BOM
DEL;BRU
DEL;CCU
DEL;DAC
DEL;DED
DEL;DMM
DEL;DOH
DEL;DXB
DEL;GAU
DEL;GOP
DEL;HKG
DEL;HYD
DEL;IDR
DEL;IXB
DEL;IXC
DEL;IXL
DEL;IXR
DEL;JAI
DEL;JDH
DEL;KTM
DEL;KUL
DEL;LHR
DEL;LKO
DEL;MAA
DEL;PAT
DEL;PNQ
DEL;RPR
DEL;SIN
DEL;SXR
DEL;UDR
DEL;VNS
DIB;GAU
DIU;PBD
DMM;BOM
DMM;DEL
DMM;TRV
DOH;BOM
DOH;COK
DOH;DEL
DXB;BOM
DXB;DEL
DXB;IXE
EWR;BRU
GAU;AJL
GAU;CCU
GAU;DEL
GAU;DIB
GAU;IMF
GAU;IXA
GAU;IXS
GAU;JRH
GOI;BLR
GOI;BOM
GOI;MAA
GOP;DEL
HKG;BOM
HKG;DEL
HYD;AUH
HYD;BLR
HYD;BOM
HYD;DEL
HYD;KUL
HYD;MAA
HYD;PNQ
HYD;RJA
HYD;RPR
HYD;TIR
HYD;VGA
IDR;AMD
IDR;BOM
IDR;DEL
IDR;JAI
IDR;PNQ
IDR;RPR
IMF;GAU
IXA;CCU
IXA;GAU
IXB;CCU
IXB;DEL
IXC;BOM
IXC;DEL
IXC;JAI
IXE;BLR
IXE;BOM
IXE;DXB
IXJ;SXR
IXL;DEL
IXM;MAA
IXR;CCU
IXR;DEL
IXR;PAT
IXS;CCU
IXS;GAU
IXU;BOM
IXU;IDR
IXZ;CCU
IXZ;MAA
JAI;AMD
JAI;BOM
JAI;DEL
JAI;IDR
JAI;IXC
JDH;BOM
JDH;DEL
JED;BOM
JNB;BOM
JRH;CCU
JRH;GAU
KTM;BOM
KTM;DEL
KUL;BLR
KUL;BOM
KUL;DEL
KUL;HYD
KUL;MAA
KWI;AUH
KWI;BOM
LHR;BOM
LHR;DEL
LKO;BOM
LKO;CCU
LKO;DEL
MAA;AUH
MAA;BLR
MAA;BOM
MAA;CCU
MAA;CJB
MAA;CMB
MAA;COK
MAA;DEL
MAA;GOI
MAA;HYD
MAA;IXM
MAA;IXZ
MAA;KUL
MAA;PNQ
MAA;SIN
MAA;TRZ
MAA;VTZ
MCT;BOM
MCT;COK
MCT;TRV
NAG;BOM
NBO;BOM
NRT;BOM
PAT;CCU
PAT;DEL
PBD;BOM
PNQ;BLR
PNQ;BOM
PNQ;DEL
PNQ;HYD
PNQ;IDR
PNQ;MAA
RAJ;BOM
RJA;HYD
RPR;BHO
RPR;BOM
RPR;DEL
RPR;HYD
RPR;IDR
RUH;BOM
SHJ;COK
SIN;BOM
SIN;DEL
SIN;MAA
SXR;DEL
SXR;IXJ
TIR;HYD
TRV;AUH
TRV;BLR
TRV;BOM
TRV;DMM
TRV;MCT
TRZ;MAA
UDR;BOM
UDR;DEL
VGA;HYD
VNS;CCU
VNS;DEL
VTZ;BLR
VTZ;BOM
VTZ;CCU
VTZ;MAA
YYZ;BRU
DUS;TBS
DXB;TBS
IKA;TBS
TBS;DUS
TBS;DXB
TBS;IKA
CFU;SKG
JKH;SKG
KLX;SKG
SKG;CFU
SKG;JKH
SKG;KLX
SKG;SMI
SMI;SKG
ARN;ATH
ARN;KLX
ARN;SKG
ATH;ARN
ATH;AXD
ATH;BCN
ATH;BEG
ATH;BRU
ATH;BUD
ATH;CDG
ATH;CFU
ATH;CHQ
ATH;CPH
ATH;DME
ATH;DUS
ATH;FCO
ATH;FRA
ATH;GVA
ATH;GYD
ATH;HEL
ATH;HER
ATH;IEV
ATH;IST
ATH;JMK
ATH;JTR
ATH;KGS
ATH;KLX
ATH;LCA
ATH;LED
ATH;LHR
ATH;LYS
ATH;MAD
ATH;MAN
ATH;MJT
ATH;MUC
ATH;MXP
ATH;OSL
ATH;PHL
ATH;PRG
ATH;RHO
ATH;SKG
ATH;SKU
ATH;SOF
ATH;STN
ATH;TBS
ATH;TIA
ATH;TLV
ATH;TXL
ATH;VCE
ATH;VIE
ATH;WAW
AXD;ATH
AXD;DME
AXD;LED
BCN;ATH
BEG;ATH
BRU;ATH
BRU;CFU
BRU;HER
BRU;RHO
BUD;ATH
CDG;ATH
CDG;HER
CDG;SKG
CFU;ATH
CFU;BRU
CFU;DME
CFU;MXP
CHQ;ATH
CHQ;SKG
CPH;ATH
CPH;SKG
DME;ATH
DME;AXD
DME;CFU
DME;HER
DME;KGS
DME;KLX
DME;RHO
DME;SKG
DUS;ATH
DUS;HER
DUS;SKG
FCO;ATH
FRA;ATH
FRA;HER
FRA;SKG
GVA;ATH
GVA;OPO
GYD;ATH
HAJ;SKG
HEL;ATH
HER;ATH
HER;BRU
HER;CDG
HER;DME
HER;DUS
HER;FRA
HER;IST
HER;LED
HER;MUC
HER;SKG
HER;TLV
IEV;ATH
IEV;KLX
IEV;LCA
IST;ATH
IST;HER
JMK;ATH
JMK;SKG
JTR;ATH
JTR;SKG
KGS;ATH
KGS;DME
KGS;SKG
KLX;ARN
KLX;ATH
KLX;DME
KLX;IEV
KLX;MUC
LCA;ATH
LCA;IEV
LCA;SKG
LED;ATH
LED;AXD
LED;HER
LED;RHO
LED;SKG
LHR;ATH
LIS;GVA
LYS;ATH
MAD;ATH
MAN;ATH
MJT;ATH
MJT;SKG
MUC;ATH
MUC;HER
MUC;KLX
MUC;SKG
MXP;ATH
MXP;CFU
MXP;SKG
NUE;SKG
OSL;ATH
PHL;ATH
PRG;ATH
RHO;ATH
RHO;BRU
RHO;DME
RHO;LED
RHO;SKG
SKG;ARN
SKG;ATH
SKG;CDG
SKG;CHQ
SKG;CPH
SKG;DME
SKG;DUS
SKG;FRA
SKG;HAJ
SKG;HER
SKG;JMK
SKG;JTR
SKG;KGS
SKG;LCA
SKG;LED
SKG;MJT
SKG;MUC
SKG;MXP
SKG;NUE
SKG;RHO
SKG;STR
SKG;TLV
SKU;ATH
SOF;ATH
STN;ATH
STR;SKG
TBS;ATH
TIA;ATH
TLV;ATH
TLV;HER
TLV;SKG
TXL;ATH
VCE;ATH
VIE;ATH
WAW;ATH
BYC;SRZ
BYC;TJA
CBB;TDD
CIJ;TDD
GYA;RIB
GYA;TDD
LPB;POI
LPB;SRE
LPB;SRZ
LPB;TDD
ORU;SRZ
POI;LPB
POI;SRE
PSZ;SRZ
RIB;TDD
SRE;POI
SRE;SRZ
SRZ;BYC
SRZ;LPB
SRZ;ORU
SRZ;POI
SRZ;PSZ
SRZ;TDD
SRZ;TJA
TDD;CBB
TDD;CIJ
TDD;GYA
TDD;LPB
TDD;RIB
TDD;SRZ
TDD;VVI
TJA;BYC
TJA;SRZ
AGF;DCM
AGF;ORY
AJA;BOD
AJA;BVE
AJA;DCM
AJA;ETZ
AJA;LIL
AJA;PIS
AJA;RDZ
AJA;SXB
AMS;CFE
AUR;ORY
BCN;BOD
BCN;LYS
BES;LYS
BES;NCE
BIA;LIL
BIA;LYS
BIA;PUF
BIQ;GVA
BIQ;LYS
BIQ;NCE
BOD;AJA
BOD;BCN
BOD;FSC
BOD;LIL
BOD;LYS
BOD;NCE
BOD;NTE
BOD;SXB
BRU;LYS
BRU;NTE
BSL;LYS
BUD;LYS
BVE;AJA
BVE;LIG
BVE;ORY
CFE;AMS
CFE;FSC
CFE;LYS
CFE;NCE
CFR;FSC
CFR;LYS
CFR;NCE
CFR;ORY
CLY;ETZ
CLY;GVA
CLY;LIL
CLY;MLH
CLY;NTE
CLY;SXB
CLY;TLS
DCM;AGF
DCM;AJA
DCM;ORY
DUS;LYS
DUS;NTE
ETZ;AJA
ETZ;CLY
ETZ;LYS
ETZ;NCE
FSC;BOD
FSC;CFE
FSC;CFR
FSC;LIL
FSC;MLH
FSC;NTE
FSC;RNS
FSC;SXB
FSC;TLS
FSC;UIP
GOT;LYS
GVA;BIQ
GVA;CLY
LAI;ORY
LDE;ORY
LIG;BVE
LIG;LYS
LIL;AJA
LIL;BIA
LIL;BOD
LIL;CLY
LIL;FSC
LIL;LYS
LIL;MPL
LIL;NTE
LIL;SXB
LIL;TLS
LRH;LYS
LRH;ORY
LRH;PIS
LRT;LYS
LRT;ORY
LYS;BCN
LYS;BES
LYS;BIA
LYS;BIQ
LYS;BOD
LYS;BRU
LYS;BSL
LYS;BUD
LYS;CFE
LYS;CFR
LYS;DUS
LYS;ETZ
LYS;GOT
LYS;LIG
LYS;LIL
LYS;LRH
LYS;LRT
LYS;MPL
LYS;MRS
LYS;NAP
LYS;NTE
LYS;PIS
LYS;PRG
LYS;PUF
LYS;RNS
LYS;STR
LYS;SXB
MLH;CLY
MLH;FSC
MPL;LIL
MPL;LYS
MPL;NTE
MPL;SXB
MRS;LYS
MRS;SXB
MRS;TLS
NAP;LYS
NCE;BES
NCE;BIQ
NCE;BOD
NCE;CFE
NCE;CFR
NCE;ETZ
NCE;RNS
NCE;TLS
NTE;BOD
NTE;BRU
NTE;CLY
NTE;DUS
NTE;FSC
NTE;LIL
NTE;LYS
NTE;MPL
NTE;SXB
NTE;TLS
ORY;AGF
ORY;AUR
ORY;BVE
ORY;CFR
ORY;DCM
ORY;LAI
ORY;LDE
ORY;LRH
ORY;LRT
ORY;PGF
ORY;RDZ
ORY;UIP
PGF;ORY
PIS;AJA
PIS;LRH
PIS;LYS
PRG;LYS
PUF;BIA
PUF;LYS
RDZ;AJA
RDZ;ORY
RNS;FSC
RNS;LYS
RNS;NCE
RNS;TLS
STR;LYS
SXB;AJA
SXB;BOD
SXB;CLY
SXB;FSC
SXB;LIL
SXB;LYS
SXB;MPL
SXB;MRS
SXB;NTE
SXB;VIE
TLS;CLY
TLS;FSC
TLS;LIL
TLS;MRS
TLS;NCE
TLS;NTE
TLS;RNS
UIP;FSC
UIP;ORY
VIE;SXB
AMS;TBS
BUS;DME
BUS;TBS
BUS;TLV
CDG;TBS
DME;BUS
KUT;TBS
KUT;TLV
KUT;VKO
RIX;TBS
TBS;AMS
TBS;BUS
TBS;CDG
TBS;KUT
TBS;RIX
TBS;TLV
TBS;VIE
TBS;VKO
TLV;BUS
TLV;KUT
TLV;TBS
VIE;TBS
VKO;KUT
VKO;TBS
ABI;DFW
ABQ;DFW
ABQ;LAX
ABQ;ORD
ABZ;LHR
ACC;LHR
ACT;DFW
ADL;BNE
ADL;SYD
AEX;DFW
AGU;DFW
AKL;BNE
AKL;SYD
ALO;ORD
AMA;DFW
AMM;DTW
AMM;JFK
AMM;ORD
AMS;LHR
ANC;DFW
ANC;LAX
ANC;SEA
ANU;JFK
ANU;MIA
APW;HNL
APW;NAN
AQP;LIM
ARN;LHR
ART;ORD
ASE;DFW
ASE;LAX
ASP;SYD
ASU;MIA
ATH;LHR
ATL;DFW
ATL;LGA
ATL;LHR
ATL;MIA
ATL;ORD
AUA;MIA
AUH;CMB
AUH;IAD
AUH;JFK
AUH;LHR
AUH;MCT
AUH;ORD
AUH;PEW
AUS;DFW
AUS;JFK
AUS;LAX
AUS;ORD
AXA;SJU
AZO;ORD
BAH;DOH
BAH;LHR
BCN;JFK
BCN;LHR
BCN;MIA
BDA;JFK
BDA;MIA
BDL;DFW
BDL;MIA
BDL;ORD
BGI;JFK
BGI;MIA
BGO;LHR
BHD;LHR
BHM;DFW
BHM;MIA
BJL;DKR
BJX;DFW
BKK;KUL
BKK;NRT
BLQ;LHR
BLR;LHR
BMI;DFW
BMI;ORD
BNA;DCA
BNA;DFW
BNA;JFK
BNA;LAX
BNA;LGA
BNA;MIA
BNA;ORD
BNE;ADL
BNE;AKL
BNE;CBR
BNE;CNS
BNE;DRW
BNE;LAX
BNE;MEL
BNE;PER
BNE;SYD
BNE;TSV
BOG;MIA
BOM;LHR
BOS;CDG
BOS;DFW
BOS;JFK
BOS;LAX
BOS;LHR
BOS;MAD
BOS;MIA
BOS;NRT
BOS;ORD
BOS;PDX
BOS;SAN
BOS;SEA
BPT;DFW
BRO;DFW
BRU;LHR
BSB;MIA
BSL;LHR
BTR;DFW
BUD;LHR
BUF;ORD
BUR;PDX
BUR;SEA
BWI;DFW
BWI;JFK
BWI;LHR
BWI;MIA
BWI;ORD
BZE;DFW
BZE;MIA
CAE;DFW
CBR;BNE
CBR;MEL
CBR;SYD
CCS;DFW
CCS;JFK
CCS;MIA
CCS;SJU
CDG;BOS
CDG;DFW
CDG;JFK
CDG;KUL
CDG;LHR
CDG;MIA
CDG;ORD
CHA;DFW
CHA;ORD
CHC;SYD
CHO;ORD
CHS;DFW
CHS;MIA
CID;DFW
CID;ORD
CLE;DFW
CLE;JFK
CLE;LGA
CLE;MIA
CLE;ORD
CLL;DFW
CLO;MIA
CLT;DFW
CLT;LGA
CLT;MIA
CLT;ORD
CMB;AUH
CMH;DFW
CMH;JFK
CMH;LGA
CMH;MIA
CMH;ORD
CMI;DFW
CMI;ORD
CNF;MIA
CNS;BNE
COS;DFW
COU;DFW
COU;ORD
CPH;LHR
CPT;LHR
CRP;DFW
CTS;NRT
CUN;DFW
CUN;JFK
CUN;MIA
CUN;ORD
CUR;MIA
CUU;DFW
CVG;DFW
CVG;JFK
CVG;MIA
CVG;ORD
CWA;ORD
CXI;HNL
CZM;DFW
DAY;DFW
DAY;ORD
DBQ;ORD
DCA;BNA
DCA;DFW
DCA;JFK
DCA;LAX
DCA;MIA
DCA;ORD
DCA;PDX
DCA;RDU
DCA;STL
DEL;LHR
DEN;DFW
DEN;LAX
DEN;LHR
DEN;MIA
DEN;ORD
DEN;SEA
DFW;ABI
DFW;ABQ
DFW;ACT
DFW;AEX
DFW;AGU
DFW;AMA
DFW;ANC
DFW;ASE
DFW;ATL
DFW;AUS
DFW;BDL
DFW;BHM
DFW;BJX
DFW;BMI
DFW;BNA
DFW;BNE
DFW;BOS
DFW;BPT
DFW;BRO
DFW;BTR
DFW;BWI
DFW;BZE
DFW;CAE
DFW;CCS
DFW;CDG
DFW;CHA
DFW;CHS
DFW;CID
DFW;CLE
DFW;CLL
DFW;CLT
DFW;CMH
DFW;CMI
DFW;COS
DFW;COU
DFW;CRP
DFW;CRW
DFW;CUN
DFW;CUU
DFW;CVG
DFW;CZM
DFW;DAY
DFW;DCA
DFW;DEN
DFW;DRO
DFW;DSM
DFW;DTW
DFW;EGE
DFW;ELP
DFW;EVV
DFW;EWR
DFW;EZE
DFW;FAR
DFW;FAT
DFW;FLL
DFW;FRA
DFW;FSD
DFW;FSM
DFW;FWA
DFW;GCK
DFW;GDL
DFW;GGG
DFW;GIG
DFW;GJT
DFW;GPT
DFW;GRI
DFW;GRK
DFW;GRR
DFW;GRU
DFW;GSO
DFW;GSP
DFW;GUA
DFW;HMO
DFW;HNL
DFW;HOU
DFW;HSV
DFW;IAD
DFW;IAH
DFW;ICN
DFW;ICT
DFW;IND
DFW;JAC
DFW;JAN
DFW;JAX
DFW;JFK
DFW;JLN
DFW;LAS
DFW;LAW
DFW;LAX
DFW;LBB
DFW;LCH
DFW;LEX
DFW;LFT
DFW;LGA
DFW;LHR
DFW;LIM
DFW;LIR
DFW;LIT
DFW;LRD
DFW;MAD
DFW;MAF
DFW;MBJ
DFW;MCI
DFW;MCO
DFW;MEM
DFW;MEX
DFW;MFE
DFW;MGM
DFW;MHK
DFW;MIA
DFW;MKE
DFW;MLI
DFW;MLM
DFW;MLU
DFW;MOB
DFW;MSN
DFW;MSP
DFW;MSY
DFW;MTJ
DFW;MTY
DFW;MZT
DFW;NAS
DFW;NRT
DFW;OGG
DFW;OKC
DFW;OMA
DFW;ONT
DFW;ORD
DFW;ORF
DFW;PBC
DFW;PBI
DFW;PDX
DFW;PHL
DFW;PHX
DFW;PIA
DFW;PIT
DFW;PLS
DFW;PNS
DFW;PSP
DFW;PTY
DFW;PVR
DFW;QRO
DFW;RAP
DFW;RDU
DFW;RIC
DFW;RNO
DFW;ROW
DFW;RSW
DFW;SAF
DFW;SAL
DFW;SAN
DFW;SAT
DFW;SAV
DFW;SCL
DFW;SDF
DFW;SEA
DFW;SFO
DFW;SGF
DFW;SHV
DFW;SJC
DFW;SJD
DFW;SJO
DFW;SJT
DFW;SJU
DFW;SLC
DFW;SLP
DFW;SMF
DFW;SNA
DFW;SPI
DFW;SPS
DFW;STL
DFW;TLH
DFW;TPA
DFW;TRC
DFW;TUL
DFW;TUS
DFW;TXK
DFW;TYR
DFW;TYS
DFW;VER
DFW;VPS
DFW;XNA
DFW;YUL
DFW;YVR
DFW;YYC
DFW;YYZ
DFW;ZCL
DKR;BJL
DKR;LPA
DOH;BAH
DOH;IAD
DOH;IAH
DOH;JFK
DOH;ORD
DOM;SJU
DRO;DFW
DRW;BNE
DRW;SYD
DSM;DFW
DSM;ORD
DTW;AMM
DTW;DFW
DTW;LGA
DTW;MIA
DTW;ORD
DUB;JFK
DUB;LHR
DUB;ORD
DUS;JFK
DUS;LAX
DUS;LHR
DUS;MIA
DUS;ORD
DUS;RSW
DXB;LHR
EBB;LHR
EDI;LHR
EGE;DFW
EIS;SJU
ELH;MIA
ELP;DFW
ELP;LAX
ELP;ORD
EUG;LAX
EUG;PDX
EVV;DFW
EVV;ORD
EWR;DFW
EWR;LAX
EWR;LHR
EWR;MIA
EWR;ORD
EWR;ORY
EWR;SEA
EYW;MIA
EZE;DFW
EZE;JFK
EZE;MIA
FAR;DFW
FAR;ORD
FAT;DFW
FAT;LAX
FCO;JFK
FCO;LHR
FCO;ORD
FDF;MIA
FDF;SJU
FLL;DFW
FLL;LAX
FLL;ORD
FLL;PAP
FNT;ORD
FPO;MIA
FRA;DFW
FRA;KUL
FRA;LHR
FSD;DFW
FSD;ORD
FSM;DFW
FUK;NRT
FWA;DFW
FWA;ORD
GCK;DFW
GCM;MIA
GDL;DFW
GDL;LAX
GDL;SJC
GGG;DFW
GGT;MIA
GIB;LHR
GIG;DFW
GIG;JFK
GIG;MIA
GJT;DFW
GLA;LHR
GND;MIA
GNV;MIA
GOT;LHR
GPT;DFW
GRB;ORD
GRI;DFW
GRK;DFW
GRR;DFW
GRR;ORD
GRU;DFW
GRU;JFK
GRU;MIA
GSO;DFW
GSO;MIA
GSP;DFW
GUA;DFW
GUA;MIA
GVA;LHR
GYE;JFK
GYE;MIA
HAJ;LHR
HAM;LHR
HAN;NRT
HBA;SYD
HEL;JFK
HEL;LHR
HEL;ORD
HKG;JFK
HKG;LAX
HKG;NRT
HKG;ORD
HKG;SFO
HKG;YVR
HMO;DFW
HND;HNL
HND;JFK
HND;SFO
HNL;APW
HNL;DFW
HNL;HND
HNL;KIX
HNL;LAX
HNL;NAN
HNL;NGO
HNL;NRT
HNL;OAK
HNL;ORD
HNL;SJC
HNL;SYD
HOU;DFW
HPN;ORD
HSV;DFW
HSV;ORD
HYD;LHR
IAD;AUH
IAD;DFW
IAD;DOH
IAD;LAX
IAD;LHR
IAD;MIA
IAH;DFW
IAH;DOH
IAH;JFK
IAH;LAX
IAH;LHR
IAH;MIA
IAH;ORD
ICN;DFW
ICN;NRT
ICT;DFW
ICT;ORD
IND;DFW
IND;JFK
IND;MIA
IND;ORD
IST;LHR
ITM;NRT
JAC;DFW
JAC;ORD
JAN;DFW
JAX;DFW
JAX;MIA
JAX;ORD
JFK;AMM
JFK;ANU
JFK;AUH
JFK;AUS
JFK;BCN
JFK;BDA
JFK;BGI
JFK;BNA
JFK;BOS
JFK;BWI
JFK;CCS
JFK;CDG
JFK;CLE
JFK;CMH
JFK;CUN
JFK;CVG
JFK;DCA
JFK;DFW
JFK;DOH
JFK;DUB
JFK;DUS
JFK;EZE
JFK;FCO
JFK;GIG
JFK;GRU
JFK;GYE
JFK;HEL
JFK;HKG
JFK;HND
JFK;IAH
JFK;IND
JFK;LAS
JFK;LAX
JFK;LCY
JFK;LHR
JFK;LIM
JFK;MAD
JFK;MAN
JFK;MCO
JFK;MIA
JFK;MXP
JFK;NRT
JFK;ORD
JFK;ORF
JFK;ORY
JFK;PAP
JFK;PIT
JFK;PUJ
JFK;RDU
JFK;SAN
JFK;SCL
JFK;SEA
JFK;SFO
JFK;SJU
JFK;SKB
JFK;STT
JFK;TPA
JFK;TXL
JFK;YUL
JFK;YVR
JFK;YYZ
JFK;ZRH
JLN;DFW
JNB;LHR
JNU;KTN
JNU;SIT
JUL;AQP
KHH;NRT
KIN;MIA
KIX;HNL
KOA;LAX
KOA;OAK
KOA;SJC
KTN;JNU
KTN;SEA
KUL;BKK
KUL;CDG
KUL;FRA
KUL;LGK
KUL;LHR
KUL;NRT
KUL;PEN
KUL;SIN
KWI;LHR
LAS;DFW
LAS;JFK
LAS;LAX
LAS;LGW
LAS;LHR
LAS;MIA
LAS;ORD
LAS;YEG
LAS;YVR
LAS;YYC
LAS;YYZ
LAW;DFW
LAX;ABQ
LAX;ANC
LAX;ASE
LAX;AUS
LAX;BNA
LAX;BNE
LAX;BOS
LAX;DCA
LAX;DEN
LAX;DFW
LAX;DUS
LAX;ELP
LAX;EUG
LAX;EWR
LAX;FAT
LAX;FLL
LAX;GDL
LAX;HKG
LAX;HNL
LAX;IAD
LAX;IAH
LAX;JFK
LAX;KOA
LAX;LAS
LAX;LHR
LAX;LIH
LAX;LIM
LAX;MAD
LAX;MCO
LAX;MEL
LAX;MEX
LAX;MFR
LAX;MIA
LAX;MMH
LAX;MRY
LAX;NAN
LAX;NRT
LAX;OGG
LAX;OKC
LAX;ORD
LAX;PDX
LAX;PHX
LAX;PPT
LAX;PVG
LAX;RDM
LAX;RDU
LAX;RNO
LAX;SAF
LAX;SAN
LAX;SBA
LAX;SEA
LAX;SFO
LAX;SJC
LAX;SJD
LAX;SLC
LAX;SMF
LAX;STL
LAX;STS
LAX;SUN
LAX;SYD
LAX;TUS
LAX;TXL
LAX;YEG
LAX;YVR
LAX;YYC
LAX;YYZ
LBA;LHR
LBB;DFW
LCA;LHR
LCH;DFW
LEX;DFW
LEX;ORD
LFT;DFW
LGA;ATL
LGA;BNA
LGA;CLE
LGA;CLT
LGA;CMH
LGA;DFW
LGA;DTW
LGA;MIA
LGA;MSP
LGA;ORD
LGA;RDU
LGA;STL
LGA;TVC
LGA;XNA
LGA;YUL
LGA;YYZ
LGB;PDX
LGB;SEA
LGK;KUL
LGW;LAS
LGW;MCO
LGW;TPA
LHR;ABZ
LHR;ACC
LHR;AMS
LHR;ARN
LHR;ATH
LHR;ATL
LHR;AUH
LHR;BAH
LHR;BCN
LHR;BGO
LHR;BHD
LHR;BLQ
LHR;BLR
LHR;BOM
LHR;BOS
LHR;BRU
LHR;BSL
LHR;BUD
LHR;BWI
LHR;CDG
LHR;CPH
LHR;CPT
LHR;DEL
LHR;DEN
LHR;DFW
LHR;DUB
LHR;DUS
LHR;DXB
LHR;EBB
LHR;EDI
LHR;EWR
LHR;FCO
LHR;FRA
LHR;GIB
LHR;GLA
LHR;GOT
LHR;GVA
LHR;HAJ
LHR;HAM
LHR;HEL
LHR;HYD
LHR;IAD
LHR;IAH
LHR;IST
LHR;JFK
LHR;JNB
LHR;KUL
LHR;KWI
LHR;LAS
LHR;LAX
LHR;LBA
LHR;LCA
LHR;LIN
LHR;LIS
LHR;LUN
LHR;LUX
LHR;LYS
LHR;MAA
LHR;MAN
LHR;MIA
LHR;MRS
LHR;MUC
LHR;MXP
LHR;NBO
LHR;NCE
LHR;NCL
LHR;ORD
LHR;OSL
LHR;OTP
LHR;PHL
LHR;PHX
LHR;PRG
LHR;PSA
LHR;RDU
LHR;RTM
LHR;SAN
LHR;SEA
LHR;SFO
LHR;SOF
LHR;STR
LHR;SVG
LHR;TLS
LHR;TXL
LHR;VCE
LHR;VIE
LHR;WAW
LHR;YUL
LHR;YVR
LHR;YYC
LHR;YYZ
LHR;ZAG
LHR;ZRH
LIH;LAX
LIH;OAK
LIH;SJC
LIM;DFW
LIM;JFK
LIM;LAX
LIM;MIA
LIM;SCL
LIN;LHR
LIR;DFW
LIR;MIA
LIS;LHR
LIT;DFW
LIT;ORD
LPA;MAD
LPB;VVI
LRD;DFW
LRM;MIA
LSE;ORD
LUN;LHR
LUX;LHR
LYS;LHR
MAA;LHR
MAD;BOS
MAD;DFW
MAD;JFK
MAD;LAX
MAD;MIA
MAD;ORD
MAF;DFW
MAN;JFK
MAN;LHR
MAN;ORD
MAO;MIA
MAR;MIA
MAZ;SJU
MBJ;DFW
MBJ;MIA
MBJ;ORD
MCI;DFW
MCI;ORD
MCI;SEA
MCO;DFW
MCO;JFK
MCO;LAX
MCO;LGW
MCO;MIA
MCO;ORD
MCO;SAN
MCO;SEA
MCO;YYZ
MCT;AUH
MDE;MIA
MDT;ORD
MEL;ADL
MEL;BNE
MEL;CBR
MEL;LAX
MEL;PER
MEL;SYD
MEM;DFW
MEM;MIA
MEM;ORD
MEX;DFW
MEX;LAX
MEX;MIA
MEX;ORD
MFE;DFW
MFR;LAX
MGA;MIA
MGM;DFW
MHH;MIA
MHK;DFW
MHK;ORD
MIA;ANU
MIA;ASU
MIA;ATL
MIA;AUA
MIA;BCN
MIA;BDA
MIA;BDL
MIA;BGI
MIA;BHM
MIA;BNA
MIA;BOG
MIA;BOS
MIA;BSB
MIA;BWI
MIA;BZE
MIA;CCS
MIA;CDG
MIA;CHS
MIA;CLE
MIA;CLO
MIA;CLT
MIA;CMH
MIA;CNF
MIA;CUN
MIA;CUR
MIA;CVG
MIA;DCA
MIA;DEN
MIA;DFW
MIA;DTW
MIA;DUS
MIA;ELH
MIA;EWR
MIA;EYW
MIA;EZE
MIA;FDF
MIA;FPO
MIA;GCM
MIA;GGT
MIA;GIG
MIA;GND
MIA;GNV
MIA;GRU
MIA;GSO
MIA;GUA
MIA;GYE
MIA;IAD
MIA;IAH
MIA;IND
MIA;JAX
MIA;JFK
MIA;KIN
MIA;LAS
MIA;LAX
MIA;LGA
MIA;LHR
MIA;LIM
MIA;LIR
MIA;LPB
MIA;LRM
MIA;MAD
MIA;MAO
MIA;MAR
MIA;MBJ
MIA;MCO
MIA;MDE
MIA;MEM
MIA;MEX
MIA;MGA
MIA;MHH
MIA;MSP
MIA;MSY
MIA;MVD
MIA;NAS
MIA;ORD
MIA;ORF
MIA;PAP
MIA;PHL
MIA;PHX
MIA;PIT
MIA;PLS
MIA;PNS
MIA;POP
MIA;POS
MIA;PTP
MIA;PTY
MIA;PUJ
MIA;RDU
MIA;REC
MIA;RIC
MIA;RTB
MIA;SAL
MIA;SAN
MIA;SAP
MIA;SCL
MIA;SDF
MIA;SDQ
MIA;SEA
MIA;SFO
MIA;SJO
MIA;SJU
MIA;SKB
MIA;SSA
MIA;STI
MIA;STL
MIA;STT
MIA;STX
MIA;SXM
MIA;TGU
MIA;TLH
MIA;TPA
MIA;TUL
MIA;TXL
MIA;UIO
MIA;UVF
MIA;YUL
MIA;YYZ
MKE;DFW
MKE;ORD
MLI;DFW
MLI;ORD
MLM;DFW
MLU;DFW
MMH;LAX
MOB;DFW
MQT;ORD
MRS;LHR
MRY;LAX
MSN;DFW
MSN;ORD
MSP;DFW
MSP;LGA
MSP;MIA
MSP;ORD
MSY;DFW
MSY;MIA
MSY;ORD
MTJ;DFW
MTY;DFW
MUC;LHR
MVD;MIA
MXP;JFK
MXP;LHR
MZT;DFW
NAN;APW
NAN;CXI
NAN;HNL
NAN;LAX
NAS;DFW
NAS;MIA
NBO;LHR
NCE;LHR
NCL;LHR
NEV;SJU
NGO;HNL
NGO;NRT
NRT;BKK
NRT;BOS
NRT;CTS
NRT;DFW
NRT;FUK
NRT;HAN
NRT;HKG
NRT;HNL
NRT;ICN
NRT;ITM
NRT;JFK
NRT;KHH
NRT;KUL
NRT;LAX
NRT;NGO
NRT;ORD
NRT;PUS
NRT;SAN
NRT;SGN
NRT;SIN
NRT;TPE
NRT;YVR
OAK;HNL
OAK;KOA
OAK;LIH
OAK;OGG
OAK;PDX
OAK;SEA
OGG;DFW
OGG;LAX
OGG;OAK
OGG;SJC
OGG;SMF
OKC;DFW
OKC;LAX
OKC;ORD
OMA;DFW
OMA;ORD
ONT;DFW
ONT;PDX
ONT;SEA
ORD;ABQ
ORD;ALO
ORD;AMM
ORD;ART
ORD;ATL
ORD;AUH
ORD;AUS
ORD;AZO
ORD;BDL
ORD;BMI
ORD;BNA
ORD;BOS
ORD;BUF
ORD;BWI
ORD;CDG
ORD;CHA
ORD;CHO
ORD;CID
ORD;CLE
ORD;CLT
ORD;CMH
ORD;CMI
ORD;COU
ORD;CUN
ORD;CVG
ORD;CWA
ORD;DAY
ORD;DBQ
ORD;DCA
ORD;DEN
ORD;DFW
ORD;DOH
ORD;DSM
ORD;DTW
ORD;DUB
ORD;DUS
ORD;ELP
ORD;EVV
ORD;EWR
ORD;FAR
ORD;FCO
ORD;FLL
ORD;FNT
ORD;FSD
ORD;FWA
ORD;GRB
ORD;GRR
ORD;HEL
ORD;HKG
ORD;HNL
ORD;HPN
ORD;HSV
ORD;IAH
ORD;ICT
ORD;IND
ORD;JAC
ORD;JAX
ORD;JFK
ORD;LAS
ORD;LAX
ORD;LEX
ORD;LGA
ORD;LHR
ORD;LIT
ORD;LSE
ORD;MAD
ORD;MAN
ORD;MBJ
ORD;MCI
ORD;MCO
ORD;MDT
ORD;MEM
ORD;MEX
ORD;MHK
ORD;MIA
ORD;MKE
ORD;MLI
ORD;MQT
ORD;MSN
ORD;MSP
ORD;MSY
ORD;NRT
ORD;OKC
ORD;OMA
ORD;PBI
ORD;PDX
ORD;PEK
ORD;PHL
ORD;PHX
ORD;PIA
ORD;PIT
ORD;PVG
ORD;RAP
ORD;RDU
ORD;RIC
ORD;RNO
ORD;ROC
ORD;RST
ORD;RSW
ORD;SAN
ORD;SAT
ORD;SDF
ORD;SEA
ORD;SFO
ORD;SGF
ORD;SJC
ORD;SJD
ORD;SJU
ORD;SLC
ORD;SNA
ORD;STL
ORD;SUX
ORD;SYR
ORD;TOL
ORD;TPA
ORD;TUL
ORD;TUS
ORD;TVC
ORD;TXL
ORD;TYS
ORD;XNA
ORD;YKF
ORD;YOW
ORD;YUL
ORD;YVR
ORD;YYC
ORD;YYZ
ORF;DFW
ORF;JFK
ORF;MIA
ORY;EWR
ORY;JFK
OSL;LHR
OTP;LHR
PAP;FLL
PAP;JFK
PAP;MIA
PBC;DFW
PBI;DFW
PBI;ORD
PDX;BOS
PDX;BUR
PDX;DCA
PDX;DFW
PDX;EUG
PDX;LAX
PDX;LGB
PDX;OAK
PDX;ONT
PDX;ORD
PDX;PHX
PDX;SAN
PDX;SFO
PDX;SJC
PDX;SNA
PDX;YVR
PEK;ORD
PEK;SEA
PEN;KUL
PER;BNE
PER;MEL
PER;SYD
PEW;AUH
PHL;DFW
PHL;LHR
PHL;MIA
PHL;ORD
PHX;DFW
PHX;LAX
PHX;LHR
PHX;MIA
PHX;ORD
PHX;PDX
PHX;SEA
PHX;YYC
PIA;DFW
PIA;ORD
PIT;DFW
PIT;JFK
PIT;MIA
PIT;ORD
PLS;DFW
PLS;MIA
PMC;PUQ
PNS;DFW
PNS;MIA
POP;MIA
POS;MIA
PPT;LAX
PRG;LHR
PSA;LHR
PSP;DFW
PSP;SFO
PTP;MIA
PTP;SJU
PTY;DFW
PTY;MIA
PUJ;JFK
PUJ;MIA
PUS;NRT
PVG;LAX
PVG;ORD
PVR;DFW
PVR;SAN
PVR;SFO
QRO;DFW
RAP;DFW
RAP;ORD
RDM;LAX
RDU;DCA
RDU;DFW
RDU;JFK
RDU;LAX
RDU;LGA
RDU;LHR
RDU;MIA
RDU;ORD
REC;MIA
RIC;DFW
RIC;MIA
RIC;ORD
RNO;DFW
RNO;LAX
RNO;ORD
ROC;ORD
ROW;DFW
RST;ORD
RSW;DFW
RSW;DUS
RSW;ORD
RTB;MIA
RTM;LHR
SAF;DFW
SAF;LAX
SAL;DFW
SAL;MIA
SAN;BOS
SAN;DFW
SAN;JFK
SAN;LAX
SAN;LHR
SAN;MCO
SAN;MIA
SAN;NRT
SAN;ORD
SAN;PDX
SAN;PVR
SAN;SEA
SAN;STS
SAN;YYC
SAP;MIA
SAT;DFW
SAT;ORD
SAV;DFW
SBA;LAX
SCL;DFW
SCL;JFK
SCL;LIM
SCL;MIA
SCL;PMC
SDF;DFW
SDF;MIA
SDF;ORD
SDQ;MIA
SEA;ANC
SEA;BOS
SEA;BUR
SEA;DEN
SEA;DFW
SEA;EWR
SEA;JFK
SEA;KTN
SEA;LAX
SEA;LGB
SEA;LHR
SEA;MCI
SEA;MCO
SEA;MIA
SEA;OAK
SEA;ONT
SEA;ORD
SEA;PEK
SEA;PHX
SEA;SAN
SEA;SFO
SEA;SJC
SEA;SMF
SEA;SNA
SEA;STL
SEA;YVR
SFO;DFW
SFO;HKG
SFO;HND
SFO;JFK
SFO;LAX
SFO;LHR
SFO;LIM
SFO;MIA
SFO;ORD
SFO;PDX
SFO;PSP
SFO;PVR
SFO;SEA
SGF;DFW
SGF;ORD
SGN;NRT
SHV;DFW
SIN;KUL
SIN;NRT
SIT;SEA
SJC;DFW
SJC;GDL
SJC;HNL
SJC;KOA
SJC;LAX
SJC;LIH
SJC;OGG
SJC;ORD
SJC;PDX
SJC;SEA
SJD;DFW
SJD;LAX
SJD;ORD
SJO;DFW
SJO;MIA
SJT;DFW
SJU;AXA
SJU;CCS
SJU;DFW
SJU;DOM
SJU;EIS
SJU;FDF
SJU;JFK
SJU;MAZ
SJU;MIA
SJU;NEV
SJU;ORD
SJU;PTP
SJU;VIJ
SJU;VQS
SKB;JFK
SKB;MIA
SLC;DFW
SLC;LAX
SLC;ORD
SLP;DFW
SMF;DFW
SMF;LAX
SMF;OGG
SMF;SEA
SNA;DFW
SNA;ORD
SNA;PDX
SNA;SEA
SOF;LHR
SPS;DFW
SSA;MIA
STI;MIA
STL;DCA
STL;DFW
STL;LAX
STL;LGA
STL;MIA
STL;ORD
STL;SEA
STR;LHR
STS;LAX
STS;SAN
STT;JFK
STT;MIA
STX;MIA
SUN;LAX
SUX;ORD
SVG;LHR
SXM;MIA
SYD;ADL
SYD;AKL
SYD;ASP
SYD;BNE
SYD;CBR
SYD;CHC
SYD;CNS
SYD;DFW
SYD;DRW
SYD;HBA
SYD;HNL
SYD;LAX
SYD;MEL
SYD;PER
SYR;ORD
TGU;MIA
TLH;DFW
TLH;MIA
TLS;LHR
TOL;ORD
TPA;DFW
TPA;JFK
TPA;LGW
TPA;MIA
TPA;ORD
TPE;NRT
TRC;DFW
TSV;BNE
TUL;DFW
TUL;MIA
TUL;ORD
TUS;DFW
TUS;LAX
TUS;ORD
TVC;LGA
TVC;ORD
TXK;DFW
TXL;JFK
TXL;LAX
TXL;LHR
TXL;MIA
TXL;ORD
TYR;DFW
TYS;DFW
TYS;ORD
UIO;MIA
UVF;MIA
VCE;LHR
VER;DFW
VIE;LHR
VIJ;SJU
VPS;DFW
VQS;SJU
VVI;MIA
WAW;LHR
XNA;DFW
XNA;LGA
XNA;ORD
YEG;LAS
YEG;LAX
YKF;ORD
YOW;ORD
YUL;DFW
YUL;JFK
YUL;LGA
YUL;LHR
YUL;MIA
YUL;ORD
YVR;DFW
YVR;HKG
YVR;JFK
YVR;LAS
YVR;LAX
YVR;LHR
YVR;NRT
YVR;ORD
YVR;PDX
YVR;SEA
YYC;DFW
YYC;LAS
YYC;LAX
YYC;LHR
YYC;ORD
YYC;PHX
YYC;SAN
YYZ;DFW
YYZ;JFK
YYZ;LAS
YYZ;LAX
YYZ;LGA
YYZ;LHR
YYZ;MCO
YYZ;MIA
YYZ;ORD
ZAG;LHR
ZCL;DFW
ZRH;JFK
ZRH;LHR
ACE;CGN
ACE;DUS
ACE;FUE
ACE;HAM
ACE;LEJ
ACE;TXL
ACE;VIE
ACE;ZRH
AGP;CGN
AGP;DUS
AGP;HAM
AGP;MUC
AGP;PMI
AGP;STR
AGP;TXL
AGP;VIE
ALC;CGN
ALC;DUS
ALC;FRA
ALC;HAM
ALC;MUC
ALC;PMI
ALC;STR
ALC;TXL
ALC;ZRH
AMM;FRA
AMM;MUC
AMM;TXL
AMM;VIE
AOK;DUS
AOK;MUC
AOK;VIE
ARN;TXL
ARN;VIE
AUH;BAH
AUH;DUS
AUH;FRA
AUH;HKT
AUH;MUC
AUH;PEK
AUH;SIN
AUH;TXL
AYT;CGN
AYT;DRS
AYT;DUS
AYT;ERF
AYT;FMO
AYT;HAJ
AYT;HAM
AYT;LEJ
AYT;MUC
AYT;NUE
AYT;PAD
AYT;STR
AYT;TXL
BAH;AUH
BCN;DUS
BCN;TXL
BCN;VIE
BDS;CGN
BDS;MUC
BDS;ZRH
BIO;PMI
BKK;CNX
BNE;SIN
BRE;PMI
BRI;MUC
BRI;TXL
BSL;CTA
BSL;HER
BSL;IBZ
BSL;KGS
BSL;LHR
BSL;LPA
BSL;MLA
BSL;PMI
BSL;RHO
BSL;RMI
BSL;TFS
BUD;TXL
CAG;DUS
CAG;MUC
CAG;ZRH
CDG;VIE
CFU;CGN
CFU;DRS
CFU;DUS
CFU;FMO
CFU;FRA
CFU;GPA
CFU;HAM
CFU;LEJ
CFU;LNZ
CFU;MUC
CFU;NUE
CFU;PAD
CFU;SZG
CFU;TXL
CFU;VIE
CFU;ZRH
CGN;ACE
CGN;AGP
CGN;ALC
CGN;AYT
CGN;BDS
CGN;CFU
CGN;CLY
CGN;FUE
CGN;GWT
CGN;HRG
CGN;IBZ
CGN;KGS
CGN;LPA
CGN;MAH
CGN;MLA
CGN;MUC
CGN;NBE
CGN;OLB
CGN;PMI
CGN;SAW
CGN;TFS
CGN;TLV
CGN;TXL
CHQ;VIE
CLY;CGN
CLY;FMM
CLY;SZG
CLY;VIE
CPH;DUS
CPH;PMI
CPH;TXL
CPH;VIE
CTA;BSL
CTA;DUS
CTA;FRA
CTA;MUC
CTA;STR
CTA;TXL
CTA;ZRH
CUN;DUS
CUR;DUS
DFW;FRA
DJE;DUS
DJE;LEJ
DJE;NUE
DME;DUS
DME;FRA
DME;MUC
DME;TXL
DRS;AYT
DRS;CFU
DRS;DUS
DRS;HER
DRS;HRG
DRS;NBE
DRS;PMI
DRS;RHO
DRS;TFS
DTM;PMI
DUS;ACE
DUS;AGP
DUS;ALC
DUS;AOK
DUS;AUH
DUS;AYT
DUS;BCN
DUS;CAG
DUS;CFU
DUS;CPH
DUS;CTA
DUS;CUN
DUS;CUR
DUS;DJE
DUS;DME
DUS;DRS
DUS;FAO
DUS;FCO
DUS;FLR
DUS;FNC
DUS;FUE
DUS;GCI
DUS;GWT
DUS;HAM
DUS;HDF
DUS;HEL
DUS;HER
DUS;HRG
DUS;IBZ
DUS;JER
DUS;JFK
DUS;KEF
DUS;KGS
DUS;KVA
DUS;LAX
DUS;LPA
DUS;MAD
DUS;MAH
DUS;MIA
DUS;MJT
DUS;MUC
DUS;MXP
DUS;NAP
DUS;NBE
DUS;NCE
DUS;NUE
DUS;OLB
DUS;ORD
DUS;PDL
DUS;PMI
DUS;POP
DUS;PUJ
DUS;PVK
DUS;REU
DUS;RHO
DUS;RIX
DUS;RMF
DUS;RMI
DUS;RSW
DUS;SAW
DUS;SKG
DUS;SMI
DUS;SPC
DUS;STN
DUS;STR
DUS;SUF
DUS;SZG
DUS;TFS
DUS;TLV
DUS;TXL
DUS;VCE
DUS;VIE
DUS;VRA
DUS;XRY
DUS;ZRH
DUS;ZTH
EFL;VIE
ERF;AYT
FAO;DUS
FAO;HAM
FAO;MUC
FAO;PMI
FAO;TXL
FCO;DUS
FCO;HAM
FCO;TXL
FCO;VIE
FDH;IBZ
FDH;PMI
FKB;PMI
FKB;RMI
FKB;TXL
FLR;DUS
FLR;STR
FLR;VIE
FMM;CLY
FMM;PMI
FMO;AYT
FMO;CFU
FMO;IBZ
FMO;PMI
FNC;DUS
FNC;LEJ
FNC;MUC
FNC;TXL
FNC;VIE
FNC;ZRH
FRA;ALC
FRA;AMM
FRA;AUH
FRA;CFU
FRA;CTA
FRA;DFW
FRA;DME
FRA;GCI
FRA;HDF
FRA;HEL
FRA;IBZ
FRA;KVA
FRA;LCY
FRA;LHR
FRA;MAD
FRA;NBE
FRA;PMI
FRA;RIX
FRA;TXL
FRA;VIE
FUE;CGN
FUE;DUS
FUE;HAM
FUE;LEJ
FUE;MUC
FUE;NUE
FUE;SZG
FUE;TXL
FUE;VIE
FUE;ZRH
GCI;DUS
GCI;JER
GDN;TXL
GOT;TXL
GPA;VIE
GPA;ZRH
GRZ;HER
GRZ;IBZ
GRZ;PMI
GRZ;RHO
GRZ;TFS
GRZ;TXL
GVA;MAD
GWT;CGN
GWT;DUS
GWT;MUC
GWT;STR
GWT;TXL
GWT;ZRH
HAJ;AYT
HAJ;GCI
HAJ;IBZ
HAJ;LHR
HAJ;PMI
HAJ;STR
HAJ;VIE
HAM;ACE
HAM;AGP
HAM;ALC
HAM;AYT
HAM;CFU
HAM;DUS
HAM;FAO
HAM;FCO
HAM;FUE
HAM;HEL
HAM;HER
HAM;IBZ
HAM;KEF
HAM;KGS
HAM;LHR
HAM;LPA
HAM;MUC
HAM;NUE
HAM;OLB
HAM;PMI
HAM;RIX
HAM;SKG
HAM;SMI
HAM;STR
HAM;SZG
HAM;TFS
HAM;VCE
HAM;VIE
HDF;DUS
HDF;FRA
HDF;STR
HDF;VIE
HEL;DUS
HEL;FRA
HEL;HAM
HEL;MUC
HEL;TXL
HEL;VIE
HER;BSL
HER;DRS
HER;DUS
HER;GRZ
HER;HAM
HER;LEJ
HER;LNZ
HER;MUC
HER;NUE
HER;SZG
HER;TXL
HER;VIE
HER;ZRH
HKT;AUH
HKT;BKK
HRG;CGN
HRG;DRS
HRG;DUS
HRG;LEJ
HRG;NUE
HRG;TXL
IBZ;BSL
IBZ;CGN
IBZ;DUS
IBZ;FDH
IBZ;FMO
IBZ;FRA
IBZ;GRZ
IBZ;HAJ
IBZ;HAM
IBZ;LNZ
IBZ;MUC
IBZ;NUE
IBZ;PAD
IBZ;PMI
IBZ;STR
IBZ;SZG
IBZ;TXL
IBZ;VIE
IBZ;ZRH
INN;PMI
JER;DUS
JER;FRA
JER;HAJ
JER;STR
JFK;DUS
JFK;TXL
JMK;VIE
JSI;VIE
JTR;VIE
KEF;DUS
KEF;HAM
KEF;MUC
KEF;TXL
KEF;VIE
KGD;TXL
KGS;BSL
KGS;CGN
KGS;DUS
KGS;HAM
KGS;LEJ
KGS;LNZ
KGS;MUC
KGS;NUE
KGS;SZG
KGS;TXL
KGS;VIE
KGS;ZRH
KLX;VIE
KRK;TXL
KVA;DUS
KVA;FRA
KVA;MUC
KVA;VIE
LAX;DUS
LAX;ORD
LAX;TXL
LCY;FRA
LCY;ZRH
LED;TXL
LEI;PMI
LEJ;ACE
LEJ;AYT
LEJ;CFU
LEJ;DJE
LEJ;FNC
LEJ;FUE
LEJ;HER
LEJ;HRG
LEJ;KGS
LEJ;NBE
LEJ;PMI
LEJ;SPU
LEJ;TFS
LGW;SZG
LHR;BSL
LHR;FRA
LHR;HAJ
LHR;HAM
LHR;MUC
LHR;ORY
LHR;STR
LHR;TXL
LHR;VIE
LHR;ZRH
LIS;PMI
LNZ;CFU
LNZ;HER
LNZ;IBZ
LNZ;KGS
LNZ;PMI
LNZ;RHO
LPA;BSL
LPA;CGN
LPA;DUS
LPA;HAM
LPA;NUE
LPA;SZG
LPA;TXL
LPA;VIE
LPA;ZRH
MAD;DUS
MAD;FRA
MAD;GVA
MAD;MUC
MAD;TXL
MAD;VIE
MAD;ZRH
MAH;CGN
MAH;DUS
MAH;MUC
MAH;PMI
MAH;TXL
MIA;DUS
MIA;TXL
MJT;DUS
MJT;MUC
MJT;VIE
MLA;BSL
MLA;CGN
MLA;MUC
MLA;NUE
MLA;STR
MUC;AGP
MUC;ALC
MUC;AMM
MUC;AOK
MUC;AUH
MUC;AYT
MUC;BDS
MUC;BRI
MUC;CAG
MUC;CFU
MUC;CGN
MUC;CTA
MUC;DME
MUC;DUS
MUC;FAO
MUC;FNC
MUC;FUE
MUC;GWT
MUC;HAM
MUC;HEL
MUC;HER
MUC;IBZ
MUC;KEF
MUC;KGS
MUC;KVA
MUC;LHR
MUC;MAD
MUC;MAH
MUC;MJT
MUC;MLA
MUC;NAP
MUC;NBE
MUC;OLB
MUC;PMI
MUC;PMO
MUC;PUJ
MUC;PVK
MUC;RHO
MUC;RIX
MUC;SAW
MUC;SKG
MUC;SMI
MUC;SUF
MUC;TIV
MUC;TLV
MUC;TXL
MUC;VIE
MUC;ZTH
MXP;DUS
MXP;TXL
MXP;VIE
NAP;DUS
NAP;MUC
NAP;STR
NAP;TXL
NAP;ZRH
NBE;CGN
NBE;DRS
NBE;DUS
NBE;FRA
NBE;LEJ
NBE;MUC
NBE;NUE
NBE;TXL
NCE;DUS
NCE;VIE
NGO;PEK
NRN;PMI
NUE;AYT
NUE;CFU
NUE;DJE
NUE;DUS
NUE;FUE
NUE;HAM
NUE;HER
NUE;HRG
NUE;IBZ
NUE;KGS
NUE;LPA
NUE;MLA
NUE;NBE
NUE;OLB
NUE;PMI
NUE;RHO
NUE;RMI
NUE;SAW
NUE;SKG
NUE;SMI
NUE;SPU
NUE;TFS
NUE;TXL
NUE;VIE
OLB;CGN
OLB;DUS
OLB;HAM
OLB;MUC
OLB;NUE
OLB;STR
OLB;SZG
OLB;TXL
OLB;VIE
OLB;ZRH
OPO;PMI
ORD;DUS
ORD;MIA
ORD;TXL
ORY;LHR
ORY;TXL
OSL;TXL
OTP;TXL
OVD;PMI
PAD;AYT
PAD;CFU
PAD;IBZ
PAD;PMI
PDL;DUS
PEK;AUH
PEK;NGO
PEK;TXL
PMI;AGP
PMI;ALC
PMI;BIO
PMI;BRE
PMI;BSL
PMI;CGN
PMI;CPH
PMI;DRS
PMI;DTM
PMI;DUS
PMI;FAO
PMI;FDH
PMI;FKB
PMI;FMM
PMI;FMO
PMI;FRA
PMI;GRZ
PMI;HAJ
PMI;HAM
PMI;IBZ
PMI;INN
PMI;LEI
PMI;LEJ
PMI;LIS
PMI;LNZ
PMI;MAH
PMI;MUC
PMI;NRN
PMI;NUE
PMI;OPO
PMI;OVD
PMI;PAD
PMI;SCN
PMI;STR
PMI;SVQ
PMI;SZG
PMI;TXL
PMI;VIE
PMI;VLC
PMI;XRY
PMI;ZQW
PMI;ZRH
PMO;MUC
PMO;STR
PMO;ZRH
POP;DUS
PUJ;DUS
PUJ;MUC
PUJ;TXL
PVK;DUS
PVK;MUC
PVK;STR
PVK;VIE
REU;DUS
RHO;BSL
RHO;DRS
RHO;DUS
RHO;GRZ
RHO;LNZ
RHO;MUC
RHO;NUE
RHO;SZG
RHO;TXL
RHO;VIE
RHO;ZRH
RIX;DUS
RIX;FRA
RIX;HAM
RIX;MUC
RIX;TXL
RMF;DUS
RMI;BSL
RMI;DUS
RMI;FKB
RMI;NUE
RMI;STR
RMI;TXL
RMI;ZRH
RSW;DUS
SAW;CGN
SAW;DUS
SAW;MUC
SAW;NUE
SAW;STR
SAW;SXF
SCN;PMI
SCN;TXL
SIN;AUH
SIN;BNE
SKG;DUS
SKG;HAM
SKG;MUC
SKG;NUE
SKG;STR
SKG;TXL
SKG;VIE
SMI;DUS
SMI;HAM
SMI;MUC
SMI;NUE
SMI;TXL
SMI;VIE
SMI;ZRH
SOF;TXL
SPC;DUS
SPU;LEJ
SPU;NUE
STN;DUS
STR;AGP
STR;ALC
STR;AYT
STR;CTA
STR;DUS
STR;FLR
STR;GCI
STR;GWT
STR;HAJ
STR;HAM
STR;HDF
STR;IBZ
STR;LHR
STR;MLA
STR;NAP
STR;OLB
STR;PMI
STR;PMO
STR;PVK
STR;RMI
STR;SAW
STR;SKG
STR;TXL
STR;VCE
SUF;DUS
SUF;MUC
SUF;TXL
SUF;ZRH
SVQ;PMI
SXF;SAW
SZG;ACE
SZG;CFU
SZG;CLY
SZG;DUS
SZG;HAM
SZG;HER
SZG;IBZ
SZG;KGS
SZG;LGW
SZG;LPA
SZG;OLB
SZG;PMI
SZG;RHO
SZG;TFS
SZG;TXL
TFS;BSL
TFS;CGN
TFS;DRS
TFS;DUS
TFS;GRZ
TFS;HAM
TFS;LEJ
TFS;NUE
TFS;SZG
TFS;TXL
TFS;VIE
TFS;ZRH
TIV;MUC
TLV;CGN
TLV;DUS
TLV;MUC
TLV;TXL
TXL;ACE
TXL;AGP
TXL;ALC
TXL;AMM
TXL;ARN
TXL;AUH
TXL;AYT
TXL;BCN
TXL;BRI
TXL;BUD
TXL;CFU
TXL;CGN
TXL;CPH
TXL;CTA
TXL;DME
TXL;DUS
TXL;FAO
TXL;FCO
TXL;FKB
TXL;FNC
TXL;FRA
TXL;FUE
TXL;GDN
TXL;GOT
TXL;GRZ
TXL;GWT
TXL;HEL
TXL;HER
TXL;HRG
TXL;IBZ
TXL;JFK
TXL;KEF
TXL;KGD
TXL;KGS
TXL;KRK
TXL;LAX
TXL;LED
TXL;LHR
TXL;LPA
TXL;MAD
TXL;MAH
TXL;MIA
TXL;MUC
TXL;MXP
TXL;NAP
TXL;NBE
TXL;NUE
TXL;OLB
TXL;ORD
TXL;ORY
TXL;OSL
TXL;OTP
TXL;PEK
TXL;PMI
TXL;PUJ
TXL;RHO
TXL;RIX
TXL;RMI
TXL;SCN
TXL;SKG
TXL;SMI
TXL;SOF
TXL;STR
TXL;SUF
TXL;SZG
TXL;TFS
TXL;TLV
TXL;VCE
TXL;VIE
TXL;WAW
TXL;ZRH
VCE;DUS
VCE;HAM
VCE;STR
VCE;TXL
VIE;ACE
VIE;AGP
VIE;AMM
VIE;AOK
VIE;ARN
VIE;BCN
VIE;CDG
VIE;CFU
VIE;CHQ
VIE;CLY
VIE;CPH
VIE;DUS
VIE;EFL
VIE;FCO
VIE;FLR
VIE;FNC
VIE;FRA
VIE;FUE
VIE;GPA
VIE;HAJ
VIE;HAM
VIE;HDF
VIE;HEL
VIE;HER
VIE;IBZ
VIE;JMK
VIE;JSI
VIE;JTR
VIE;KEF
VIE;KGS
VIE;KLX
VIE;KVA
VIE;LHR
VIE;LPA
VIE;MAD
VIE;MJT
VIE;MUC
VIE;MXP
VIE;NCE
VIE;NUE
VIE;OLB
VIE;PMI
VIE;PVK
VIE;REU
VIE;RHO
VIE;SKG
VIE;SMI
VIE;TFS
VIE;TXL
VIE;VLC
VIE;VOL
VIE;ZRH
VIE;ZTH
VLC;PMI
VLC;VIE
VOL;VIE
VRA;DUS
WAW;TXL
XRY;DUS
XRY;PMI
ZQW;PMI
ZRH;ACE
ZRH;ALC
ZRH;BDS
ZRH;CAG
ZRH;CFU
ZRH;CTA
ZRH;DUS
ZRH;FNC
ZRH;FUE
ZRH;GWT
ZRH;HER
ZRH;IBZ
ZRH;KGS
ZRH;LCY
ZRH;LHR
ZRH;LPA
ZRH;MAD
ZRH;NAP
ZRH;OLB
ZRH;PMI
ZRH;PMO
ZRH;RHO
ZRH;RMI
ZRH;SMI
ZRH;SUF
ZRH;TFS
ZRH;TXL
ZRH;VIE
ZRH;ZTH
ZTH;DUS
ZTH;MUC
ZTH;VIE
ZTH;ZRH
GNM;SSA
LAZ;GNM
SSA;LAZ
ABJ;BRU
ABJ;LFW
ABJ;OUA
ADD;KRT
AKL;YVR
ALB;YYZ
AMS;CPH
ANC;YVR
ANU;YYZ
ATH;YUL
ATH;YYZ
ATL;YYZ
AUA;YYZ
AZS;YUL
AZS;YYZ
BAH;DOH
BCN;YYZ
BDA;YYZ
BDL;YUL
BDL;YYZ
BGI;YYZ
BJM;NBO
BKK;ICN
BNA;YYZ
BOG;YYZ
BOS;YHZ
BOS;YOW
BOS;YUL
BOS;YYZ
BRU;ABJ
BRU;BJM
BRU;COO
BRU;DKR
BRU;KGL
BRU;LAD
BRU;LIN
BRU;OUA
BRU;YUL
BRU;YYZ
BWI;YYZ
CAI;MUC
CCC;YUL
CCC;YYZ
CCS;YYZ
CDG;YUL
CDG;YYZ
CKY;DKR
CLE;YYZ
CLT;YYZ
CMH;YYZ
COO;ABJ
CPH;AMS
CPH;VNO
CPH;WAW
CPH;YYZ
CUN;YUL
CUN;YYC
CUN;YYZ
CVG;YYZ
CZM;YUL
DCA;YOW
DCA;YUL
DCA;YYZ
DEL;BRU
DEN;YEG
DEN;YMM
DEN;YQR
DEN;YUL
DEN;YVR
DEN;YWG
DEN;YXE
DEN;YYC
DEN;YYZ
DFW;YYZ
DKR;BRU
DKR;CKY
DKR;FNA
DOH;BAH
DOH;FRA
DTW;YYZ
DUB;YYZ
DUS;YYZ
EDI;YYZ
EWR;YEG
EWR;YUL
EWR;YVR
EWR;YYC
EWR;YYZ
EZE;SCL
FCO;YUL
FCO;YYZ
FDF;YUL
FIH;BRU
FLL;YUL
FLL;YYZ
FNA;DKR
FRA;DOH
FRA;KRT
FRA;LCA
FRA;NAP
FRA;VNO
FRA;YOW
FRA;YUL
FRA;YVR
FRA;YYC
FRA;YYZ
GCM;YYZ
GGT;YYZ
GRR;YYZ
GRU;YYZ
GVA;YUL
HAV;YYZ
HKG;YVR
HKG;YYZ
HNL;YVR
HOG;YUL
HOG;YYZ
IAD;YOW
IAD;YUL
IAD;YVR
IAD;YYZ
IAH;YEG
IAH;YUL
IAH;YYC
IAH;YYZ
ICN;BKK
ICN;YVR
ICN;YYZ
IND;YYZ
IST;YYZ
JED;IST
JFK;YYZ
KGL;EBB
KGL;NBO
KIN;YYZ
KRT;ADD
KRT;FRA
LAD;FIH
LAS;YUL
LAS;YVR
LAS;YYC
LAS;YYZ
LAX;YLW
LAX;YUL
LAX;YVR
LAX;YYC
LAX;YYZ
LCA;FRA
LFW;BRU
LGA;YOW
LGA;YUL
LGA;YYZ
LHR;YEG
LHR;YHZ
LHR;YOW
LHR;YUL
LHR;YVR
LHR;YYC
LHR;YYT
LHR;YYZ
LIM;YYZ
LIN;BRU
LIR;YYZ
MAD;YYZ
MBJ;YUL
MBJ;YYZ
MCI;YYZ
MCO;YUL
MCO;YYZ
MDT;YYZ
MEX;YVR
MEX;YYZ
MIA;GUA
MIA;YYZ
MKE;YYZ
MSP;YYZ
MSY;YYZ
MUC;CAI
MUC;SOF
MUC;YUL
MUC;YVR
MUC;YYZ
NAP;FRA
NAS;YYZ
NBO;BRU
NRT;YVR
NRT;YYC
NRT;YYZ
OGG;YVR
ORD;YEG
ORD;YOW
ORD;YQB
ORD;YQR
ORD;YQT
ORD;YUL
ORD;YVR
ORD;YWG
ORD;YXU
ORD;YYC
ORD;YYZ
OUA;ABJ
OUA;BRU
PAP;YUL
PDX;YVR
PDX;YYC
PEK;YVR
PEK;YYZ
PHL;YYZ
PHX;YYZ
PIT;YYZ
PLS;YYZ
POP;YUL
POP;YYZ
PTP;YUL
PUJ;YUL
PUJ;YYZ
PVG;YVR
PVG;YYZ
PVR;YYC
RDU;YYZ
ROC;YYZ
RSW;YYZ
SAN;YYZ
SCL;EZE
SCL;YYZ
SEA;YVR
SEA;YYC
SEA;YYZ
SFO;YEG
SFO;YUL
SFO;YVR
SFO;YYC
SFO;YYJ
SFO;YYZ
SJD;YVR
SJD;YYC
SJO;YYZ
SNU;YUL
SNU;YYZ
STL;YYZ
SYD;YVR
SYR;YYZ
TLV;YYZ
TPA;YYZ
UVF;YYZ
VCE;YYZ
VIE;YYZ
VNO;CPH
VNO;FRA
VRA;YUL
VRA;YYC
VRA;YYZ
WAW;YYZ
YAM;YYZ
YBC;YUL
YBG;YUL
YBL;YQQ
YBL;YVR
YCD;YVR
YCG;YVR
YCG;YYC
YDF;YHZ
YDF;YYR
YDF;YYT
YDF;YYZ
YEG;DEN
YEG;EWR
YEG;IAH
YEG;LHR
YEG;ORD
YEG;SFO
YEG;YMM
YEG;YOW
YEG;YQR
YEG;YQU
YEG;YUL
YEG;YVR
YEG;YWG
YEG;YXE
YEG;YYC
YEG;YYZ
YEG;YZF
YFC;YHZ
YFC;YOW
YFC;YUL
YFC;YYZ
YGK;YYZ
YGP;YGR
YGP;YQB
YGR;YGP
YGR;YUL
YHZ;BOS
YHZ;LHR
YHZ;ORD
YHZ;YDF
YHZ;YFC
YHZ;YOW
YHZ;YQM
YHZ;YQX
YHZ;YQY
YHZ;YSJ
YHZ;YUL
YHZ;YYG
YHZ;YYR
YHZ;YYT
YHZ;YYZ
YKA;YVR
YKA;YYC
YLW;LAX
YLW;YVR
YLW;YYC
YLW;YYZ
YMM;DEN
YMM;YEG
YMM;YVR
YMM;YYC
YMM;YYZ
YOW;BOS
YOW;DCA
YOW;FRA
YOW;IAD
YOW;LGA
YOW;LHR
YOW;ORD
YOW;YEG
YOW;YFC
YOW;YHZ
YOW;YQB
YOW;YQM
YOW;YQR
YOW;YUL
YOW;YVR
YOW;YWG
YOW;YXE
YOW;YXU
YOW;YYC
YOW;YYG
YOW;YYT
YOW;YYZ
YPR;YVR
YQB;ORD
YQB;YGP
YQB;YOW
YQB;YUL
YQB;YYZ
YQB;YZV
YQG;YYZ
YQL;YYC
YQM;YHZ
YQM;YOW
YQM;YUL
YQM;YYZ
YQQ;YBL
YQQ;YVR
YQR;DEN
YQR;ORD
YQR;YEG
YQR;YOW
YQR;YVR
YQR;YWG
YQR;YXE
YQR;YYC
YQR;YYZ
YQT;ORD
YQT;YWG
YQT;YYZ
YQU;YEG
YQU;YYC
YQX;YHZ
YQX;YYR
YQX;YYT
YQX;YYZ
YQY;YHZ
YQY;YYZ
YQZ;YVR
YQZ;YWL
YSB;YYZ
YSJ;YHZ
YSJ;YUL
YSJ;YYZ
YTS;YYZ
YTZ;YUL
YUL;ATH
YUL;AZS
YUL;BDL
YUL;BOS
YUL;BRU
YUL;CCC
YUL;CDG
YUL;CUN
YUL;CZM
YUL;DCA
YUL;DEN
YUL;EWR
YUL;FCO
YUL;FDF
YUL;FLL
YUL;FRA
YUL;GVA
YUL;HOG
YUL;IAD
YUL;IAH
YUL;LAS
YUL;LAX
YUL;LGA
YUL;LHR
YUL;MBJ
YUL;MCO
YUL;MUC
YUL;ORD
YUL;PAP
YUL;POP
YUL;PTP
YUL;PUJ
YUL;SFO
YUL;SNU
YUL;VRA
YUL;YBG
YUL;YEG
YUL;YFC
YUL;YGR
YUL;YHZ
YUL;YOW
YUL;YQB
YUL;YQM
YUL;YSJ
YUL;YTZ
YUL;YUY
YUL;YVO
YUL;YVR
YUL;YWG
YUL;YYC
YUL;YYG
YUL;YYT
YUL;YYY
YUL;YYZ
YUL;YZV
YUL;ZBF
YUL;ZRH
YUY;YUL
YVO;YUL
YVR;AKL
YVR;ANC
YVR;DEN
YVR;EWR
YVR;FRA
YVR;HKG
YVR;HNL
YVR;IAD
YVR;ICN
YVR;LAS
YVR;LAX
YVR;LHR
YVR;MEX
YVR;MUC
YVR;NRT
YVR;OGG
YVR;ORD
YVR;PDX
YVR;PEK
YVR;PVG
YVR;SEA
YVR;SFO
YVR;SJD
YVR;SYD
YVR;YBL
YVR;YCD
YVR;YCG
YVR;YEG
YVR;YKA
YVR;YLW
YVR;YMM
YVR;YOW
YVR;YPR
YVR;YQQ
YVR;YQR
YVR;YQZ
YVR;YUL
YVR;YWG
YVR;YWL
YVR;YXC
YVR;YXE
YVR;YXJ
YVR;YXS
YVR;YXT
YVR;YXY
YVR;YYC
YVR;YYD
YVR;YYF
YVR;YYJ
YVR;YYZ
YVR;YZP
YWG;DEN
YWG;ORD
YWG;YEG
YWG;YOW
YWG;YQR
YWG;YQT
YWG;YUL
YWG;YVR
YWG;YXE
YWG;YYC
YWG;YYZ
YWK;YYR
YWK;YZV
YWL;YQZ
YWL;YVR
YXC;YVR
YXC;YYC
YXE;DEN
YXE;YEG
YXE;YOW
YXE;YQR
YXE;YVR
YXE;YWG
YXE;YYC
YXE;YYZ
YXH;YYC
YXJ;YVR
YXS;YVR
YXT;YVR
YXU;ORD
YXU;YOW
YXU;YYZ
YXY;YVR
YYB;YYZ
YYC;CUN
YYC;DEN
YYC;EWR
YYC;FRA
YYC;IAH
YYC;LAS
YYC;LAX
YYC;LHR
YYC;NRT
YYC;ORD
YYC;PDX
YYC;PVR
YYC;SEA
YYC;SFO
YYC;SJD
YYC;VRA
YYC;YCG
YYC;YEG
YYC;YKA
YYC;YLW
YYC;YMM
YYC;YOW
YYC;YQL
YYC;YQR
YYC;YQU
YYC;YUL
YYC;YVR
YYC;YWG
YYC;YXC
YYC;YXE
YYC;YXH
YYC;YYJ
YYC;YYZ
YYC;YZF
YYD;YVR
YYF;YVR
YYG;YHZ
YYG;YOW
YYG;YUL
YYG;YYZ
YYJ;SFO
YYJ;YVR
YYJ;YYC
YYJ;YYZ
YYR;YDF
YYR;YHZ
YYR;YQX
YYR;YWK
YYR;YYT
YYT;LHR
YYT;YDF
YYT;YHZ
YYT;YOW
YYT;YQX
YYT;YUL
YYT;YYR
YYT;YYZ
YYY;YBC
YYZ;ALB
YYZ;ANU
YYZ;ATH
YYZ;ATL
YYZ;AUA
YYZ;AZS
YYZ;BCN
YYZ;BDA
YYZ;BDL
YYZ;BGI
YYZ;BNA
YYZ;BOG
YYZ;BOS
YYZ;BWI
YYZ;CCC
YYZ;CCS
YYZ;CDG
YYZ;CLE
YYZ;CLT
YYZ;CMH
YYZ;CPH
YYZ;CUN
YYZ;CVG
YYZ;DCA
YYZ;DEN
YYZ;DFW
YYZ;DTW
YYZ;DUB
YYZ;DUS
YYZ;EDI
YYZ;EWR
YYZ;FCO
YYZ;FLL
YYZ;FRA
YYZ;GCM
YYZ;GGT
YYZ;GRR
YYZ;GRU
YYZ;HAV
YYZ;HKG
YYZ;HOG
YYZ;IAD
YYZ;IAH
YYZ;ICN
YYZ;IND
YYZ;IST
YYZ;JFK
YYZ;KIN
YYZ;LAS
YYZ;LAX
YYZ;LGA
YYZ;LHR
YYZ;LIM
YYZ;LIR
YYZ;MAD
YYZ;MBJ
YYZ;MCI
YYZ;MCO
YYZ;MDT
YYZ;MEX
YYZ;MIA
YYZ;MKE
YYZ;MSP
YYZ;MSY
YYZ;MUC
YYZ;NAS
YYZ;NRT
YYZ;ORD
YYZ;PEK
YYZ;PHL
YYZ;PHX
YYZ;PIT
YYZ;PLS
YYZ;POP
YYZ;PUJ
YYZ;PVG
YYZ;RDU
YYZ;ROC
YYZ;RSW
YYZ;SAN
YYZ;SCL
YYZ;SEA
YYZ;SFO
YYZ;SJO
YYZ;SNU
YYZ;STL
YYZ;SYR
YYZ;TLV
YYZ;TPA
YYZ;UVF
YYZ;VCE
YYZ;VIE
YYZ;VRA
YYZ;WAW
YYZ;YAM
YYZ;YDF
YYZ;YEG
YYZ;YFC
YYZ;YGK
YYZ;YHZ
YYZ;YLW
YYZ;YMM
YYZ;YOW
YYZ;YQB
YYZ;YQG
YYZ;YQM
YYZ;YQR
YYZ;YQT
YYZ;YQX
YYZ;YQY
YYZ;YSB
YYZ;YSJ
YYZ;YTS
YYZ;YUL
YYZ;YVR
YYZ;YWG
YYZ;YXE
YYZ;YXU
YYZ;YYB
YYZ;YYC
YYZ;YYG
YYZ;YYJ
YYZ;YYT
YYZ;YZR
YYZ;ZRH
YZF;YEG
YZF;YYC
YZP;YVR
YZR;YYZ
YZV;YQB
YZV;YUL
YZV;YWK
ZBF;YUL
ZRH;YUL
ZRH;YYZ
AAX;PLU
AAX;POJ
AFL;CGB
AJU;CNF
AJU;MCZ
AJU;REC
AJU;SSA
AJU;VCP
ARU;GRU
ARU;ROO
ARU;VCP
ATM;BEL
ATM;CNF
ATM;STM
AUX;BSB
AUX;MAB
BAZ;MAO
BAZ;SJL
BEL;ATM
BEL;CNF
BEL;FOR
BEL;MAB
BEL;MAO
BEL;MCP
BEL;STM
BEL;TUR
BEL;VCP
BPS;CNF
BPS;SDU
BPS;SSA
BPS;VCP
BRA;BSB
BRA;SSA
BSB;AUX
BSB;BRA
BSB;CGB
BSB;CNF
BSB;GIG
BSB;GRU
BSB;MAB
BSB;UDI
BSB;VCP
BVB;MAO
BVH;CGB
BVH;JPR
BVH;OAL
BYO;CMG
BYO;VCP
CAC;CWB
CAC;VCP
CAW;SDU
CCM;VCP
CFB;PLU
CFB;VCP
CGB;AFL
CGB;BSB
CGB;BVH
CGB;CGR
CGB;GRU
CGB;GYN
CGB;IGU
CGB;JPR
CGB;LDB
CGB;MGF
CGB;OAL
CGB;OPS
CGB;PVH
CGB;ROO
CGB;VCP
CGH;SDU
CGR;BYO
CGR;CGB
CGR;CMG
CGR;RAO
CGR;SDU
CGR;VCP
CIZ;MAO
CKS;CNF
CKS;MAB
CLV;GYN
CLV;VCP
CMG;CGR
CNF;AJU
CNF;ATM
CNF;BEL
CNF;BPS
CNF;BSB
CNF;CKS
CNF;CWB
CNF;FOR
CNF;GIG
CNF;GRU
CNF;GYN
CNF;IPN
CNF;MAO
CNF;MOC
CNF;NAT
CNF;POA
CNF;PVH
CNF;REC
CNF;SDU
CNF;SJK
CNF;SLZ
CNF;SSA
CNF;UDI
CNF;VCP
CNF;VDC
CNF;VIX
CPV;REC
CPV;SSA
CWB;CAC
CWB;CNF
CWB;CXJ
CWB;FLN
CWB;GRU
CWB;IGU
CWB;LDB
CWB;MGF
CWB;POA
CWB;SDU
CWB;VCP
CXJ;CWB
CXJ;VCP
DOU;VCP
ERN;TFF
FBA;OLC
FEN;NAT
FEN;REC
FLN;CWB
FLN;VCP
FLN;XAP
FOR;BEL
FOR;CNF
FOR;JPA
FOR;NAT
FOR;REC
FOR;SLZ
FOR;THE
FOR;VCP
GIG;BSB
GIG;CNF
GIG;POA
GIG;REC
GIG;VCP
GRU;ARU
GRU;BSB
GRU;CGB
GRU;CNF
GRU;CWB
GRU;IOS
GRU;IPN
GRU;NAT
GRU;PLU
GRU;POA
GRU;REC
GRU;SDU
GRU;SSA
GVR;IPN
GVR;PLU
GYN;CGB
GYN;CNF
GYN;PMW
GYN;SDU
GYN;VCP
HUW;MAO
HUW;PVH
IGU;CGB
IGU;CWB
IGU;POA
IGU;VCP
IOS;GRU
IOS;SSA
IOS;VCP
IOS;VIX
IPN;CNF
IPN;GRU
IPN;GVR
IPN;PLU
IPN;VIX
IRZ;SJL
ITB;STM
JDF;VCP
JDO;REC
JDO;VCP
JDR;VAG
JOI;VCP
JPA;FOR
JPA;MCZ
JPA;SSA
JPA;VCP
JPR;BVH
JPR;CGB
JPR;PVH
JTC;MII
JTC;VCP
LDB;CGB
LDB;CWB
LDB;POA
LDB;VCP
LEC;SSA
MAB;AUX
MAB;BEL
MAB;BSB
MAB;CKS
MAO;BAZ
MAO;BEL
MAO;BVB
MAO;CIZ
MAO;CNF
MAO;HUW
MAO;IRZ
MAO;PIN
MAO;PVH
MAO;STM
MAO;TBT
MAO;TFF
MAO;VCP
MCP;BEL
MCZ;AJU
MCZ;CNF
MCZ;JPA
MCZ;REC
MCZ;SSA
MCZ;VCP
MEA;SDU
MEA;VCP
MEA;VIX
MGF;CGB
MGF;CWB
MGF;POA
MGF;ROO
MGF;VCP
MII;JTC
MII;VCP
MOC;CNF
MOC;PLU
NAT;CNF
NAT;FEN
NAT;FOR
NAT;GRU
NAT;REC
NAT;VCP
NVT;POA
NVT;VCP
OAL;BVH
OAL;CGB
OAL;PVH
OLC;TBT
OPS;CGB
PET;POA
PFB;VCP
PIN;MAO
PLU;AAX
PLU;CFB
PLU;GRU
PLU;GVR
PLU;IPN
PLU;MOC
PLU;UBA
PLU;UDI
PLU;VCP
PLU;VDC
PMW;GYN
PNZ;SSA
PNZ;VCP
POA;CNF
POA;CWB
POA;GIG
POA;GRU
POA;IGU
POA;LDB
POA;MGF
POA;NVT
POA;PET
POA;SDU
POA;VCP
POA;XAP
POJ;PLU
PPB;VCP
PVH;CGB
PVH;CNF
PVH;HUW
PVH;JPR
PVH;MAO
PVH;OAL
PVH;RBR
RAO;CGR
RAO;VCP
RBR;PVH
REC;AJU
REC;CNF
REC;CPV
REC;FEN
REC;FOR
REC;GIG
REC;GRU
REC;JDO
REC;MCZ
REC;NAT
REC;SLZ
REC;SSA
REC;THE
REC;VCP
REZ;VCP
ROO;ARU
ROO;CGB
ROO;MGF
RVD;VCP
SDU;BPS
SDU;CAW
SDU;CGH
SDU;CGR
SDU;CNF
SDU;CWB
SDU;GRU
SDU;GYN
SDU;MEA
SDU;POA
SDU;SJK
SDU;SSA
SDU;VCP
SDU;VIX
SJK;CNF
SJK;SDU
SJL;BAZ
SJL;MAO
SJP;VCP
SLZ;CNF
SLZ;FOR
SLZ;REC
SLZ;THE
SSA;AJU
SSA;BPS
SSA;BRA
SSA;CNF
SSA;CPV
SSA;GRU
SSA;IOS
SSA;JPA
SSA;LEC
SSA;MCZ
SSA;PNZ
SSA;REC
SSA;SDU
SSA;VCP
SSA;VDC
SSA;VIX
STM;ATM
STM;BEL
STM;ITB
STM;MAO
STM;TMT
TBT;MAO
TBT;TFF
TFF;ERN
TFF;FBA
TFF;MAO
THE;FOR
THE;REC
THE;SLZ
THE;VCP
TMT;STM
TUR;BEL
UBA;PLU
UBA;VCP
UDI;BSB
UDI;CNF
UDI;PLU
UDI;VCP
VAG;REZ
VAG;VCP
VCP;AJU
VCP;ARU
VCP;BEL
VCP;BPS
VCP;BSB
VCP;BYO
VCP;CAC
VCP;CCM
VCP;CFB
VCP;CGB
VCP;CGR
VCP;CLV
VCP;CNF
VCP;CWB
VCP;CXJ
VCP;DOU
VCP;FLN
VCP;FOR
VCP;GIG
VCP;GYN
VCP;IGU
VCP;IOS
VCP;JDF
VCP;JDO
VCP;JDR
VCP;JOI
VCP;JPA
VCP;JTC
VCP;LDB
VCP;MAO
VCP;MCZ
VCP;MEA
VCP;MGF
VCP;MII
VCP;NAT
VCP;NVT
VCP;PFB
VCP;PLU
VCP;PNZ
VCP;POA
VCP;PPB
VCP;RAO
VCP;REC
VCP;RVD
VCP;SDU
VCP;SJP
VCP;SSA
VCP;THE
VCP;UBA
VCP;UDI
VCP;VAG
VCP;VIX
VCP;XAP
VDC;CNF
VDC;PLU
VDC;SSA
VIX;CNF
VIX;GVR
VIX;IOS
VIX;MEA
VIX;SDU
VIX;SSA
VIX;VCP
XAP;FLN
XAP;POA
XAP;VCP
CGO;RMQ
CGO;TPE
CSX;KHH
CSX;RMQ
CSX;TPE
HAN;RMQ
HGH;KHH
HGH;RMQ
HKG;KHH
HKG;RMQ
HUN;KHH
ICN;KHH
ISG;TPE
KHH;CSX
KHH;HGH
KHH;HKG
KHH;HUN
KHH;ICN
KHH;XMN
KNH;RMQ
KNH;TSA
LJG;TPE
MFM;RMQ
MZG;RMQ
MZG;TSA
NGB;RMQ
NGB;TPE
NKG;TPE
OKA;RMQ
RMQ;CGO
RMQ;CSX
RMQ;HAN
RMQ;HGH
RMQ;HKG
RMQ;KNH
RMQ;MFM
RMQ;MZG
RMQ;NGB
RMQ;OKA
RMQ;SGN
RMQ;WUH
SGN;RMQ
SHE;TPE
TPE;CGO
TPE;CSX
TPE;ISG
TPE;LJG
TPE;NGB
TPE;NKG
TPE;SHE
TPE;XMN
TPE;YNZ
TSA;KNH
TSA;MZG
TSA;TTT
TSA;WNZ
TTT;TSA
WNZ;TSA
WUH;RMQ
XMN;KHH
XMN;TPE
YNZ;TPE
ABJ;CDG
ABV;CDG
ABV;PHC
ABZ;CDG
AGP;CDG
AGP;JFK
AGP;TLS
AJA;CFE
AJA;LYS
AJA;MRS
AJA;NCE
AJA;NTE
AJA;ORY
AJA;TLS
ALG;CDG
ALG;MRS
AMM;CDG
AMS;AUH
AMS;BOD
AMS;BSL
AMS;BVE
AMS;CDG
AMS;CFE
AMS;DMM
AMS;DOH
AMS;HRE
AMS;JRO
AMS;KGL
AMS;KUL
AMS;KWI
AMS;LCY
AMS;LYS
AMS;MRS
AMS;NCE
AMS;NTE
AMS;PGF
AMS;SXB
AMS;TLS
AMS;UIO
ANR;LCY
ARN;CDG
ARN;JFK
ATH;CDG
ATH;MRS
ATH;NCE
ATH;TLS
ATL;BCN
ATL;BOS
ATL;BRU
ATL;CDG
ATL;DUB
ATL;DUS
ATL;FRA
ATL;LGA
ATL;LHR
ATL;MAD
ATL;MAN
ATL;MDW
ATL;MSN
ATL;MUC
ATL;PTY
ATL;STR
AUH;AMS
AUH;BAH
AUH;CDG
AVN;BHX
AVN;LCY
BAH;AUH
BCN;ATL
BCN;BOD
BCN;CDG
BCN;JFK
BCN;LYS
BCN;ORY
BEG;CDG
BES;BHX
BES;CDG
BES;DUB
BES;LCY
BES;MRS
BES;ORY
BES;SOU
BEY;CDG
BEY;MRS
BGF;CDG
BHD;EXT
BHX;AVN
BHX;BES
BHX;CDG
BHX;EGC
BHX;LRH
BHX;LYS
BHX;PGF
BIA;MRS
BIA;NCE
BIA;ORY
BIO;CDG
BIQ;GVA
BIQ;MRS
BIQ;ORY
BKK;CDG
BKO;CDG
BLL;CDG
BLQ;CDG
BLQ;LYS
BLR;CDG
BOD;AMS
BOD;BCN
BOD;CDG
BOD;FCO
BOD;MRS
BOD;NTE
BOD;ORY
BOG;CDG
BOM;CDG
BOS;CDG
BOS;DTW
BOS;LHR
BRE;CDG
BRS;CDG
BRU;ATL
BRU;JFK
BRU;LYS
BRU;NTE
BSL;AMS
BSL;CDG
BSL;LYS
BUD;CDG
BUD;LYS
BVE;AMS
BVE;LCY
BZV;CDG
CAI;CDG
CAN;CDG
CAN;SGN
CAY;FDF
CAY;ORY
CCS;CDG
CDG;ABJ
CDG;ABV
CDG;ABZ
CDG;AGP
CDG;ALG
CDG;AMM
CDG;AMS
CDG;ARN
CDG;ATH
CDG;ATL
CDG;AUH
CDG;BCN
CDG;BEG
CDG;BES
CDG;BEY
CDG;BHX
CDG;BIO
CDG;BKK
CDG;BKO
CDG;BLL
CDG;BLQ
CDG;BLR
CDG;BOD
CDG;BOG
CDG;BOM
CDG;BOS
CDG;BRE
CDG;BRS
CDG;BSL
CDG;BUD
CDG;BZV
CDG;CAI
CDG;CAN
CDG;CCS
CDG;CFE
CDG;CGN
CDG;CKY
CDG;CLY
CDG;CMN
CDG;COO
CDG;CPH
CDG;CVG
CDG;CWL
CDG;DEL
CDG;DKR
CDG;DLA
CDG;DTW
CDG;DUB
CDG;DUS
CDG;DXB
CDG;EDI
CDG;EMA
CDG;EVN
CDG;EWR
CDG;EXT
CDG;EZE
CDG;FCO
CDG;FIH
CDG;FLR
CDG;FRA
CDG;FSC
CDG;GIG
CDG;GOA
CDG;GOT
CDG;GRU
CDG;GVA
CDG;GYD
CDG;HAJ
CDG;HAM
CDG;HAN
CDG;HAV
CDG;HEL
CDG;HKG
CDG;HND
CDG;IAD
CDG;IAH
CDG;ICN
CDG;IST
CDG;JED
CDG;JFK
CDG;JNB
CDG;KBP
CDG;KIX
CDG;KUL
CDG;LAD
CDG;LAX
CDG;LBV
CDG;LCA
CDG;LED
CDG;LFW
CDG;LHR
CDG;LIM
CDG;LIN
CDG;LIS
CDG;LJU
CDG;LOS
CDG;LUX
CDG;LYS
CDG;MAD
CDG;MAN
CDG;MEX
CDG;MIA
CDG;MPL
CDG;MRS
CDG;MRU
CDG;MSP
CDG;MUC
CDG;NAP
CDG;NBO
CDG;NCE
CDG;NCL
CDG;NDJ
CDG;NIM
CDG;NKC
CDG;NRT
CDG;NSI
CDG;NTE
CDG;NUE
CDG;ORD
CDG;OSL
CDG;OTP
CDG;OUA
CDG;PEK
CDG;PHL
CDG;PIT
CDG;PNR
CDG;PRG
CDG;PSA
CDG;PUF
CDG;PUJ
CDG;PVG
CDG;RBA
CDG;RIX
CDG;RNS
CDG;ROB
CDG;RUH
CDG;SCL
CDG;SEA
CDG;SFO
CDG;SGN
CDG;SIN
CDG;SLC
CDG;SOF
CDG;STR
CDG;SVO
CDG;SXM
CDG;TBS
CDG;TLL
CDG;TLS
CDG;TLV
CDG;TNR
CDG;TRN
CDG;TUN
CDG;TXL
CDG;VCE
CDG;VGO
CDG;VIE
CDG;VLC
CDG;VRN
CDG;WAW
CDG;WUH
CDG;YUL
CDG;YYZ
CDG;ZAG
CDG;ZRH
CFE;AJA
CFE;AMS
CFE;CDG
CFE;ORY
CGK;KUL
CGN;CDG
CKY;CDG
CKY;NKC
CLY;CDG
CLY;GVA
CLY;LYS
CLY;MRS
CLY;NCE
CLY;ORY
CMN;CDG
CMN;MRS
CMN;ORY
CMN;TLS
COO;CDG
CPH;CDG
CPH;JFK
CPH;MRS
CVG;CDG
CWL;CDG
CWL;GLA
DAR;AMS
DEL;CDG
DKR;CDG
DLA;CDG
DLA;SSG
DMM;AMS
DMM;KWI
DND;LCY
DOH;AMS
DOH;MCT
DOL;LCY
DRS;LCY
DTW;CDG
DTW;FRA
DTW;IND
DTW;LHR
DUB;ATL
DUB;BES
DUB;CDG
DUB;JFK
DUB;LCY
DUS;ATL
DUS;CDG
DUS;LYS
DUS;NTE
DXB;CDG
DZA;HAH
EBB;AMS
EDI;CDG
EDI;EGC
EDI;LCY
EGC;BHX
EGC;EDI
EGC;SOU
EMA;CDG
EVN;CDG
EWR;CDG
EXT;BHD
EXT;CDG
EXT;NCE
EXT;RNS
EZE;CDG
EZE;MVD
FCO;BOD
FCO;CDG
FCO;LYS
FCO;MPL
FCO;MRS
FCO;NCE
FCO;ORY
FCO;SXB
FCO;TLS
FDF;CAY
FDF;ORY
FDF;PTP
FDF;PUJ
FDF;SDQ
FIH;CDG
FLR;CDG
FLR;LCY
FLR;LYS
FMO;LCY
FNA;CDG
FRA;ATL
FRA;CDG
FRA;DTW
FRA;JFK
FSC;CDG
FSC;LYS
FSC;MRS
FSC;NCE
FSC;NTE
GIG;CDG
GLA;CWL
GOA;CDG
GOT;CDG
GOT;LYS
GRU;CDG
GVA;BIQ
GVA;CDG
GVA;CLY
GYD;CDG
GYE;AMS
HAH;NBO
HAJ;CDG
HAM;CDG
HAM;TLS
HAN;CDG
HAV;CDG
HEL;CDG
HKG;CDG
HND;CDG
HNL;LAX
HRE;LUN
HRE;NBO
IAD;CDG
IAH;CDG
ICN;CDG
IST;CDG
IST;MRS
IST;ORY
IST;TLS
JED;CDG
JFK;AGP
JFK;ARN
JFK;BCN
JFK;BRU
JFK;CDG
JFK;CPH
JFK;DUB
JFK;FRA
JFK;KEF
JFK;LHR
JFK;MAD
JFK;NCE
JFK;PAP
JFK;SNN
JIB;RUH
JNB;CDG
JRO;DAR
KBP;CDG
KEF;JFK
KGL;BJM
KGL;EBB
KIX;CDG
KUL;AMS
KUL;CDG
KUL;CGK
KWI;AMS
KWI;DMM
LAD;CDG
LAX;CDG
LAX;MSP
LAX;OGG
LAX;PPT
LBV;CDG
LCA;CDG
LCY;AMS
LCY;ANR
LCY;AVN
LCY;BES
LCY;BVE
LCY;DND
LCY;DOL
LCY;DRS
LCY;DUB
LCY;EDI
LCY;FLR
LCY;FMO
LCY;LIN
LCY;LUX
LCY;NTE
LCY;NUE
LCY;ORY
LCY;PAD
LCY;PUF
LCY;RTM
LCY;TLN
LED;CDG
LFW;CDG
LHR;ATL
LHR;BOS
LHR;CDG
LHR;DTW
LHR;JFK
LHR;MSP
LIG;NCL
LIG;SOU
LIL;MRS
LIL;NCE
LIM;CDG
LIN;CDG
LIN;LCY
LIN;ORY
LIS;CDG
LJU;CDG
LLW;LUN
LLW;NBO
LOS;CDG
LRH;BHX
LRH;MAN
LUN;AMS
LUN;HRE
LUN;LLW
LUN;NBO
LUX;CDG
LUX;LCY
LYS;AJA
LYS;AMS
LYS;BCN
LYS;BHX
LYS;BLQ
LYS;BRU
LYS;BSL
LYS;BUD
LYS;CDG
LYS;CLY
LYS;DUS
LYS;FCO
LYS;FLR
LYS;FSC
LYS;GOT
LYS;MXP
LYS;NAP
LYS;NCE
LYS;ORY
LYS;PRG
LYS;STR
LYS;TLS
LYS;VCE
LYS;VIE
MAD;ATL
MAD;CDG
MAD;JFK
MAD;ORY
MAN;ATL
MAN;CDG
MAN;LRH
MAN;NTE
MAN;RNS
MCT;DOH
MDW;ATL
MEX;CDG
MIA;CDG
MIA;PAP
MLA;TLS
MLH;ORY
MPL;CDG
MPL;FCO
MPL;ORY
MRS;AJA
MRS;ALG
MRS;AMS
MRS;ATH
MRS;BES
MRS;BEY
MRS;BIA
MRS;BIQ
MRS;BOD
MRS;CDG
MRS;CLY
MRS;CMN
MRS;CPH
MRS;FCO
MRS;FSC
MRS;IST
MRS;LIL
MRS;MXP
MRS;NTE
MRS;ORY
MRS;PRG
MRS;RAK
MRS;RNS
MRS;SVO
MRS;TLV
MRS;TUN
MRS;TXL
MRS;VCE
MRU;CDG
MRU;RUN
MRU;ZSE
MSP;CDG
MSP;LAX
MSP;LHR
MSP;SEA
MUC;ATL
MUC;CDG
MVD;EZE
MXP;LYS
MXP;MRS
MXP;NTE
NAP;CDG
NAP;LYS
NAP;NCE
NAP;TLS
NBO;CDG
NBO;DZA
NBO;HRE
NBO;KGL
NBO;LLW
NBO;LUN
NCE;AJA
NCE;AMS
NCE;ATH
NCE;BIA
NCE;CDG
NCE;CLY
NCE;EXT
NCE;FCO
NCE;FSC
NCE;JFK
NCE;LIL
NCE;LYS
NCE;NAP
NCE;NTE
NCE;ORY
NCE;SOU
NCE;SXB
NCE;TLV
NCE;TUN
NCE;VCE
NCL;CDG
NCL;LIG
NDJ;BGF
NDJ;CDG
NIM;CDG
NIM;OUA
NKC;CDG
NKC;CKY
NRT;CDG
NSI;CDG
NTE;AJA
NTE;AMS
NTE;BOD
NTE;BRU
NTE;CDG
NTE;DUS
NTE;FSC
NTE;LCY
NTE;MAN
NTE;MRS
NTE;MXP